Time (Sec), Pressure (hPa), Tgw_mean (degC), Tgw_std (degC), Tww_mean (degC), Tww_std (degC), TDew (degC), TFrost (degC), CPC_Inters (#/cm3), CPC_TotBot (#/cm3), CPC_TotTop (#/cm3)
 -60,  965.833,   0.79,   0.10,   1.18,   0.07,  -1.53,  -1.35, 356.674561, 380.135966,   NaN
 -59,  965.833,   0.78,   0.11,   1.18,   0.07,  -1.53,  -1.35, 358.939837, 350.279254,   NaN
 -58,  966.030,   0.78,   0.11,   1.18,   0.07,  -1.53,  -1.35, 361.267876, 375.582687,   NaN
 -57,  965.964,   0.76,   0.10,   1.18,   0.07,  -1.53,  -1.35, 342.723014, 369.607452,   NaN
 -56,  965.932,   0.76,   0.10,   1.18,   0.08,  -1.54,  -1.35, 359.181255, 397.644920,   NaN
 -55,  965.899,   0.76,   0.10,   1.18,   0.08,  -1.54,  -1.36, 359.809724, 358.687487,   NaN
 -54,  965.899,   0.77,   0.08,   1.18,   0.08,  -1.54,  -1.36, 347.634805, 369.507998,   NaN
 -53,  965.833,   0.75,   0.09,   1.18,   0.08,  -1.54,  -1.36, 357.015146, 371.256985,   NaN
 -52,  966.030,   0.76,   0.09,   1.18,   0.08,  -1.54,  -1.36, 353.287216, 384.572159,   NaN
 -51,  965.899,   0.74,   0.08,   1.17,   0.08,  -1.54,  -1.36, 352.363059, 387.818731,   NaN
 -50,  966.063,   0.75,   0.08,   1.18,   0.08,  -1.54,  -1.36, 351.514606, 395.802160,   NaN
 -49,  965.735,   0.75,   0.08,   1.18,   0.08,  -1.54,  -1.36, 350.390330, 403.587966,   NaN
 -48,  965.899,   0.74,   0.07,   1.16,   0.08,  -1.54,  -1.36, 355.546353, 403.674230,   NaN
 -47,  965.932,   0.77,   0.07,   1.18,   0.08,  -1.54,  -1.36, 355.517445, 381.380123,   NaN
 -46,  965.932,   0.77,   0.06,   1.17,   0.08,  -1.54,  -1.36, 352.942229, 380.640976,   NaN
 -45,  965.964,   0.78,   0.06,   1.17,   0.08,  -1.54,  -1.36, 342.345731, 373.105427,   NaN
 -44,  966.161,   0.77,   0.06,   1.16,   0.08,  -1.53,  -1.35, 353.964464, 375.818091,   NaN
 -43,  965.997,   0.78,   0.06,   1.16,   0.08,  -1.53,  -1.35, 353.244849, 378.353464,   NaN
 -42,  966.161,   0.77,   0.05,   1.16,   0.08,  -1.53,  -1.35, 356.740808, 395.283387,   NaN
 -41,  965.932,   0.77,   0.05,   1.16,   0.08,  -1.53,  -1.35, 349.360520, 399.131438,   NaN
 -40,  965.997,   0.77,   0.05,   1.16,   0.08,  -1.53,  -1.35, 349.169988, 403.101922,   NaN
 -39,  965.932,   0.79,   0.05,   1.17,   0.08,  -1.52,  -1.34, 354.496660, 385.805482,   NaN
 -38,  966.129,   0.81,   0.04,   1.17,   0.08,  -1.52,  -1.34, 351.241195, 368.596139,   NaN
 -37,  965.800,   0.81,   0.04,   1.17,   0.09,  -1.52,  -1.34, 354.207050, 384.417867,   NaN
 -36,  965.800,   0.81,   0.03,   1.16,   0.08,  -1.52,  -1.34, 347.841567, 400.358463,   NaN
 -35,  965.899,   0.83,   0.02,   1.17,   0.08,  -1.52,  -1.34, 354.927570, 393.354767,   NaN
 -34,  966.129,   0.83,   0.03,   1.17,   0.08,  -1.52,  -1.34, 345.133248, 386.430895,   NaN
 -33,  965.866,   0.84,   0.02,   1.17,   0.08,  -1.52,  -1.34, 346.610220, 385.279986,   NaN
 -32,  966.096,   0.84,   0.02,   1.17,   0.08,  -1.52,  -1.34, 348.269516, 384.331871,   NaN
 -31,  965.932,   0.84,   0.03,   1.18,   0.08,  -1.52,  -1.34, 344.983451, 384.262382,   NaN
 -30,  965.997,   0.84,   0.02,   1.17,   0.08,  -1.52,  -1.34, 348.617427, 346.393750,   NaN
 -29,  965.702,   0.84,   0.02,   1.18,   0.08,  -1.51,  -1.34, 352.117749, 368.076287,   NaN
 -28,  965.866,   0.85,   0.02,   1.17,   0.09,  -1.51,  -1.34, 350.957640, 389.926871,   NaN
 -27,  965.899,   0.85,   0.02,   1.17,   0.08,  -1.51,  -1.34, 352.906476, 402.922468,   NaN
 -26,  965.702,   0.85,   0.02,   1.18,   0.08,  -1.51,  -1.34, 363.127481, 374.415309,   NaN
 -25,  965.932,   0.87,   0.02,   1.18,   0.08,  -1.51,  -1.34, 336.858413, 373.919977,   NaN
 -24,  965.833,   0.85,   0.01,   1.18,   0.08,  -1.51,  -1.34, 351.158991, 373.350550,   NaN
 -23,  965.899,   0.85,   0.01,   1.18,   0.08,  -1.51,  -1.34, 350.968662, 372.794564,   NaN
 -22,  965.833,   0.87,   0.02,   1.19,   0.08,  -1.51,  -1.34, 350.702438, 354.791638,   NaN
 -21,  965.800,   0.87,   0.00,   1.19,   0.09,  -1.51,  -1.33, 356.262329, 372.006477,   NaN
 -20,  965.964,   0.89,   0.00,   1.20,   0.09,  -1.51,  -1.33, 350.864729, 382.417569,   NaN
 -19,  965.800,   0.92,   0.00,   1.22,   0.10,  -1.51,  -1.33, 355.566329, 392.687963,   NaN
 -18,  965.964,   0.90,   0.00,   1.21,   0.10,  -1.51,  -1.33, 351.714116, 363.706803,   NaN
 -17,  965.702,   0.90,   0.00,   1.23,   0.12,  -1.51,  -1.33, 349.691948, 413.452107,   NaN
 -16,  965.735,   0.90,   0.01,   1.24,   0.13,  -1.51,  -1.34, 349.696871, 360.789296,   NaN
 -15,  965.866,   0.89,   0.01,   1.24,   0.14,  -1.51,  -1.34, 354.546858, 360.848553,   NaN
 -14,  965.636,   0.91,   0.00,   1.26,   0.15,  -1.51,  -1.34, 344.573740, 392.189382,   NaN
 -13,  965.866,   0.92,   0.00,   1.28,   0.16,  -1.52,  -1.34, 358.518270, 384.884855,   NaN
 -12,  965.702,   0.90,   0.00,   1.26,   0.17,  -1.52,  -1.34, 357.412270, 364.620054,   NaN
 -11,  966.063,   0.92,   0.00,   1.28,   0.18,  -1.52,  -1.34, 348.869400, 371.764305,   NaN
 -10,  965.866,   0.93,   0.01,   1.27,   0.18,  -1.52,  -1.34, 355.145655, 360.967381,   NaN
  -9,  965.603,   0.92,   0.01,   1.26,   0.19,  -1.52,  -1.34, 348.839514, 392.578239,   NaN
  -8,  965.538,   0.93,   0.00,   1.25,   0.19,  -1.53,  -1.35, 354.948933, 368.626687,   NaN
  -7,  965.603,   0.91,   0.01,   1.22,   0.21,  -1.53,  -1.35, 350.428819, 355.535863,   NaN
  -6,  965.636,   0.91,   0.01,   1.19,   0.23,  -1.53,  -1.35, 357.019107, 347.803869,   NaN
  -5,  965.538,   0.91,   0.01,   1.19,   0.23,  -1.53,  -1.35, 350.398136, 394.390292,   NaN
  -4,  965.439,   0.91,   0.01,   1.16,   0.24,  -1.53,  -1.35, 353.653657, 348.557783,   NaN
  -3,  965.669,   0.90,   0.02,   1.12,   0.27,  -1.53,  -1.35, 350.534831, 347.649729,   NaN
  -2,  965.702,   0.90,   0.02,   1.07,   0.30,  -1.53,  -1.35, 350.543668, 372.004069,   NaN
  -1,  965.636,   0.89,   0.03,   1.01,   0.32,  -1.54,  -1.35, 345.389798, 352.709668,   NaN
   0,  965.472,   0.90,   0.03,   0.97,   0.35,  -1.54,  -1.36, 355.038386, 368.023742,   NaN
   1,  964.356,   0.89,   0.03,   0.91,   0.36,  -1.54,  -1.36, 347.998897, 367.607624,   NaN
   2,  963.273,   0.89,   0.02,   0.85,   0.37,  -1.54,  -1.36, 336.540142, 360.794463,   NaN
   3,  961.992,   0.88,   0.03,   0.80,   0.37,  -1.54,  -1.36, 349.442428, 401.912116,   NaN
   4,  960.975,   0.85,   0.04,   0.74,   0.35,  -1.54,  -1.36, 349.101642, 391.971994,   NaN
   5,  959.695,   0.80,   0.06,   0.70,   0.33,  -1.54,  -1.36, 340.306365, 380.745428,   NaN
   6,  958.579,   0.76,   0.07,   0.64,   0.29,  -1.55,  -1.36, 338.693078, 371.741244,   NaN
   7,  957.495,   0.69,   0.09,   0.59,   0.25,  -1.55,  -1.37, 338.815430, 393.826278,   NaN
   8,  956.182,   0.65,   0.09,   0.53,   0.22,  -1.55,  -1.37, 334.150899, 367.473034,   NaN
   9,  955.132,   0.58,   0.11,   0.48,   0.21,  -1.55,  -1.37, 334.794544, 387.729101,   NaN
  10,  954.016,   0.51,   0.13,   0.40,   0.22,  -1.56,  -1.38, 335.404079, 385.863456,   NaN
  11,  952.769,   0.44,   0.14,   0.32,   0.25,  -1.57,  -1.39, 332.152883, 361.728967,   NaN
  12,  951.653,   0.38,   0.15,   0.24,   0.30,  -1.58,  -1.40, 331.199819, 337.672026,   NaN
  13,  950.569,   0.38,   0.15,   0.24,   0.30,  -1.59,  -1.41, 330.822837, 369.360521,   NaN
  14,  949.749,   0.31,   0.16,   0.13,   0.36,  -1.73,  -1.53, 331.887090, 370.496722,   NaN
  15,  948.534,   0.24,   0.17,   0.02,   0.43,  -1.73,  -1.53, 333.882302, 371.484463,   NaN
  16,  947.385,   0.17,   0.18,  -0.09,   0.49,  -1.74,  -1.53, 328.068417, 366.988559,   NaN
  17,  946.171,   0.10,   0.18,  -0.22,   0.55,  -1.74,  -1.54, 333.154621, 358.966465,   NaN
  18,  945.251,   0.03,   0.18,  -0.35,   0.61,  -1.75,  -1.54, 327.077314, 351.063517,   NaN
  19,  944.365,  -0.05,   0.19,  -0.45,   0.66,  -1.75,  -1.54, 325.952284, 385.628334,   NaN
  20,  942.921,  -0.13,   0.20,  -0.58,   0.70,  -1.75,  -1.55, 322.535009, 369.542846,   NaN
  21,  941.936,  -0.20,   0.20,  -0.70,   0.75,  -1.76,  -1.57, 324.388793, 353.652676,   NaN
  22,  940.984,  -0.27,   0.22,  -0.82,   0.78,  -1.78,  -1.58, 315.741345, 389.409004,   NaN
  23,  939.638,  -0.36,   0.21,  -0.92,   0.79,  -1.80,  -1.59, 325.740793, 347.296730,   NaN
  24,  938.687,  -0.44,   0.22,  -1.01,   0.79,  -1.94,  -1.71, 325.013465, 371.260441,   NaN
  25,  937.735,  -0.49,   0.21,  -1.10,   0.77,  -1.94,  -1.71, 324.258381, 363.079237,   NaN
  26,  936.684,  -0.55,   0.22,  -1.15,   0.73,  -1.94,  -1.72, 316.710249, 354.884879,   NaN
  27,  935.502,  -0.64,   0.23,  -1.22,   0.69,  -1.95,  -1.72, 309.101941, 380.840368,   NaN
  28,  934.551,  -0.72,   0.23,  -1.28,   0.65,  -1.95,  -1.72, 308.882066, 373.661747,   NaN
  29,  933.402,  -0.81,   0.25,  -1.33,   0.62,  -1.96,  -1.73, 319.452694, 366.464279,   NaN
  30,  932.318,  -0.81,   0.25,  -1.33,   0.62,  -1.96,  -1.73, 314.565508, 359.185080,   NaN
  31,  931.465,  -0.89,   0.24,  -1.37,   0.59,  -1.97,  -1.74, 316.592033, 371.516817,   NaN
  32,  930.480,  -0.99,   0.24,  -1.41,   0.58,  -1.99,  -1.76, 316.028829, 362.315430,   NaN
  33,  929.364,  -1.07,   0.25,  -1.45,   0.56,  -2.00,  -1.77, 321.494831, 353.049392,   NaN
  34,  928.346,  -1.12,   0.25,  -1.49,   0.56,  -2.01,  -1.78, 312.816587, 352.852924,   NaN
  35,  927.263,  -1.20,   0.23,  -1.54,   0.57,  -2.15,  -1.90, 320.787872, 337.873935,   NaN
  36,  926.443,  -1.29,   0.24,  -1.60,   0.58,  -2.15,  -1.90, 314.730028, 350.041275,   NaN
  37,  925.294,  -1.38,   0.24,  -1.66,   0.60,  -2.15,  -1.90, 313.462407, 362.063215,   NaN
  38,  924.342,  -1.43,   0.24,  -1.73,   0.61,  -2.16,  -1.90, 318.597634, 331.293904,   NaN
  39,  923.390,  -1.50,   0.25,  -1.80,   0.63,  -2.16,  -1.91, 316.416282, 346.377188,   NaN
  40,  922.110,  -1.59,   0.24,  -1.88,   0.65,  -2.17,  -1.92, 311.874080, 361.328314,   NaN
  41,  921.388,  -1.67,   0.25,  -1.96,   0.67,  -2.17,  -1.92, 310.617638, 365.152960,   NaN
  42,  920.567,  -1.72,   0.23,  -2.06,   0.69,  -2.18,  -1.92, 305.584353, 345.922705,   NaN
  43,  919.385,  -1.78,   0.25,  -2.16,   0.71,  -2.20,  -1.94, 312.203197, 338.364709,   NaN
  44,  918.400,  -1.86,   0.23,  -2.28,   0.73,  -2.21,  -1.95, 311.961759, 344.753444,   NaN
  45,  917.251,  -1.94,   0.24,  -2.39,   0.75,  -2.35,  -2.08, 304.248727, 370.022186,   NaN
  46,  916.464,  -2.01,   0.23,  -2.51,   0.78,  -2.35,  -2.08, 308.796618, 367.181259,   NaN
  47,  915.512,  -2.05,   0.24,  -2.61,   0.79,  -2.35,  -2.08, 305.575796, 364.246427,   NaN
  48,  914.494,  -2.05,   0.24,  -2.61,   0.79,  -2.36,  -2.08, 311.609058, 334.504697,   NaN
  49,  913.477,  -2.11,   0.23,  -2.72,   0.78,  -2.36,  -2.09, 301.749008, 361.082774,   NaN
  50,  912.426,  -2.17,   0.23,  -2.80,   0.76,  -2.37,  -2.10, 308.851853, 357.419255,   NaN
  51,  911.507,  -2.26,   0.23,  -2.87,   0.73,  -2.38,  -2.11, 305.564913, 353.850945,   NaN
  52,  910.522,  -2.37,   0.23,  -2.95,   0.68,  -2.45,  -2.16, 312.729331, 347.795370,   NaN
  53,  909.702,  -2.44,   0.23,  -3.01,   0.65,  -2.52,  -2.22, 306.529450, 341.762497,   NaN
  54,  908.586,  -2.49,   0.23,  -3.04,   0.61,  -2.52,  -2.23, 304.568465, 337.288209,   NaN
  55,  907.667,  -2.55,   0.22,  -3.10,   0.58,  -2.53,  -2.24, 306.582128, 344.157654,   NaN
  56,  906.747,  -2.60,   0.22,  -3.12,   0.57,  -2.54,  -2.25, 308.633083, 334.948829,   NaN
  57,  905.730,  -2.67,   0.22,  -3.16,   0.56,  -2.68,  -2.37, 298.993326, 349.594134,   NaN
  58,  904.745,  -2.72,   0.22,  -3.19,   0.56,  -2.68,  -2.37, 302.191166, 364.197463,   NaN
  59,  903.891,  -2.81,   0.22,  -3.24,   0.57,  -2.69,  -2.37, 302.007103, 348.323888,   NaN
  60,  902.874,  -2.92,   0.21,  -3.28,   0.58,  -2.70,  -2.38, 303.822238, 338.538841,   NaN
  61,  901.791,  -2.95,   0.21,  -3.32,   0.59,  -2.71,  -2.39, 298.005604, 328.663623,   NaN
  62,  901.134,  -3.02,   0.20,  -3.40,   0.61,  -2.77,  -2.45, 297.528958, 335.705744,   NaN
  63,  899.985,  -3.08,   0.20,  -3.45,   0.61,  -2.84,  -2.51, 296.870827, 342.531396,   NaN
  64,  899.033,  -3.12,   0.20,  -3.52,   0.62,  -2.85,  -2.52, 298.296769, 331.447277,   NaN
  65,  898.475,  -3.18,   0.20,  -3.60,   0.63,  -2.86,  -2.53, 299.864082, 298.034644,   NaN
  66,  897.195,  -3.18,   0.20,  -3.60,   0.63,  -2.87,  -2.54, 295.994684, 290.254589,   NaN
  67,  896.440,  -3.26,   0.20,  -3.71,   0.64,  -3.02,  -2.67, 296.302909, 256.519097,   NaN
  68,  895.521,  -3.33,   0.20,  -3.80,   0.65,  -3.02,  -2.67, 295.005320, 260.676695,   NaN
  69,  894.372,  -3.39,   0.20,  -3.90,   0.67,  -3.03,  -2.68, 279.009191, 250.232501,   NaN
  70,  893.552,  -3.45,   0.20,  -4.01,   0.69,  -3.04,  -2.69, 279.076177, 239.891447,   NaN
  71,  892.764,  -3.51,   0.20,  -4.13,   0.70,  -3.18,  -2.82, 269.693319, 274.147655,   NaN
  72,  891.615,  -3.58,   0.19,  -4.25,   0.71,  -3.19,  -2.82, 269.277826, 308.234117,   NaN
  73,  890.696,  -3.64,   0.19,  -4.36,   0.70,  -3.19,  -2.82, 269.065325, 336.685438,   NaN
  74,  889.842,  -3.69,   0.19,  -4.44,   0.67,  -3.20,  -2.83, 264.765325, 335.279920,   NaN
  75,  888.792,  -3.76,   0.19,  -4.52,   0.64,  -3.21,  -2.84, 264.386121, 333.828285,   NaN
  76,  888.135,  -3.82,   0.19,  -4.58,   0.60,  -3.35,  -2.96, 259.829933, 340.493127,   NaN
  77,  887.216,  -3.90,   0.19,  -4.65,   0.57,  -3.36,  -2.97, 252.420020, 307.295181,   NaN
  78,  886.100,  -3.96,   0.19,  -4.70,   0.54,  -3.51,  -3.10, 251.349935, 277.139183,   NaN
  79,  885.378,  -4.00,   0.19,  -4.73,   0.52,  -3.51,  -3.11, 247.317431, 258.152916,   NaN
  80,  884.196,  -4.05,   0.18,  -4.75,   0.51,  -3.52,  -3.11, 243.162141, 239.064918,   NaN
  81,  883.376,  -4.12,   0.20,  -4.79,   0.51,  -3.67,  -3.25, 234.864608, 216.615410,   NaN
  82,  882.489,  -4.19,   0.19,  -4.82,   0.51,  -3.68,  -3.25, 229.562094, 233.387654,   NaN
  83,  881.472,  -4.19,   0.19,  -4.82,   0.51,  -3.68,  -3.26, 219.256202, 238.470987,   NaN
  84,  880.750,  -4.24,   0.19,  -4.83,   0.51,  -3.68,  -3.26, 217.256027, 243.675088,   NaN
  85,  879.798,  -4.30,   0.19,  -4.87,   0.52,  -3.69,  -3.27, 208.973972, 227.549857,   NaN
  86,  879.240,  -4.38,   0.19,  -4.92,   0.53,  -3.84,  -3.40, 208.492117, 281.860444,   NaN
  87,  878.419,  -4.43,   0.20,  -4.96,   0.53,  -3.85,  -3.40, 201.506659, 252.576071,   NaN
  88,  877.598,  -4.53,   0.20,  -5.04,   0.53,  -3.86,  -3.41, 201.393510, 213.662191,   NaN
  89,  877.172,  -4.58,   0.19,  -5.11,   0.54,  -3.86,  -3.42, 200.876279, 261.239326,   NaN
  90,  876.088,  -4.62,   0.19,  -5.18,   0.54,  -4.00,  -3.54, 207.339194, 273.271283,   NaN
  91,  875.596,  -4.68,   0.19,  -5.28,   0.55,  -4.00,  -3.54, 208.470204, 293.337856,   NaN
  92,  874.874,  -4.74,   0.19,  -5.39,   0.56,  -4.01,  -3.54, 199.741271, 243.525735,   NaN
  93,  873.922,  -4.79,   0.19,  -5.50,   0.58,  -4.01,  -3.55, 202.629551, 242.746565,   NaN
  94,  873.298,  -4.84,   0.18,  -5.63,   0.60,  -4.02,  -3.56, 205.593271, 250.463510,   NaN
  95,  872.707,  -4.89,   0.18,  -5.76,   0.61,  -4.02,  -3.56, 198.427250, 250.344749,   NaN
  96,  872.051,  -4.96,   0.18,  -5.89,   0.62,  -4.03,  -3.57, 197.738129, 271.192590,   NaN
  97,  871.066,  -5.03,   0.18,  -5.98,   0.61,  -4.19,  -3.83, 199.280726, 251.417797,   NaN
  98,  870.475,  -5.09,   0.17,  -6.07,   0.59,  -4.32,  -3.83, 200.576908, 243.714708,   NaN
  99,  869.786,  -5.15,   0.16,  -6.16,   0.57,  -4.33,  -3.83, 193.997890, 235.978655,   NaN
 100,  868.703,  -5.19,   0.17,  -6.20,   0.54,  -4.34,  -3.84, 186.558389, 222.491279,   NaN
 101,  868.276,  -5.19,   0.17,  -6.20,   0.54,  -4.48,  -3.97, 191.660447, 301.778017,   NaN
 102,  867.390,  -5.24,   0.16,  -6.23,   0.52,  -4.49,  -3.97, 189.523911, 285.911053,   NaN
 103,  866.668,  -5.30,   0.17,  -6.28,   0.50,  -4.62,  -4.09, 189.404677, 263.297121,   NaN
 104,  866.208,  -5.35,   0.17,  -6.31,   0.48,  -4.63,  -4.10, 182.125871, 240.781968,   NaN
 105,  865.322,  -5.42,   0.17,  -6.32,   0.48,  -4.77,  -4.23, 178.315719, 242.520225,   NaN
 106,  864.698,  -5.48,   0.18,  -6.33,   0.47,  -4.77,  -4.23, 177.702209, 218.274728,   NaN
 107,  864.042,  -5.56,   0.17,  -6.36,   0.47,  -4.78,  -4.24, 178.334820, 228.827208,   NaN
 108,  863.122,  -5.64,   0.18,  -6.38,   0.47,  -4.93,  -4.37, 177.680005, 218.156022,   NaN
 109,  862.400,  -5.68,   0.17,  -6.40,   0.48,  -5.06,  -4.48, 179.580247, 207.509355,   NaN
 110,  861.711,  -5.74,   0.17,  -6.45,   0.48,  -5.07,  -4.49, 177.388290, 215.015827,   NaN
 111,  861.021,  -5.78,   0.17,  -6.50,   0.48,  -5.07,  -4.50, 178.384338, 206.941112,   NaN
 112,  859.971,  -5.84,   0.18,  -6.57,   0.49,  -5.08,  -4.50, 172.199393, 198.800434,   NaN
 113,  859.249,  -5.91,   0.17,  -6.67,   0.49,  -5.22,  -4.62, 165.509475, 208.803151,   NaN
 114,  858.724,  -5.98,   0.18,  -6.77,   0.50,  -5.22,  -4.63, 173.021113, 218.838324,   NaN
 115,  858.034,  -6.05,   0.18,  -6.87,   0.50,  -5.35,  -4.74, 166.332744, 201.761051,   NaN
 116,  857.214,  -6.09,   0.17,  -6.98,   0.52,  -5.36,  -4.75, 164.770303, 209.907318,   NaN
 117,  856.426,  -6.16,   0.18,  -7.11,   0.53,  -5.43,  -4.81, 164.661511, 218.070010,   NaN
 118,  855.901,  -6.24,   0.17,  -7.25,   0.55,  -5.50,  -4.88, 158.877104, 212.463916,   NaN
 119,  855.113,  -6.24,   0.17,  -7.25,   0.55,  -5.51,  -4.88, 158.925516, 206.734790,   NaN
 120,  854.325,  -6.31,   0.18,  -7.37,   0.57,  -5.51,  -4.89, 163.700034, 192.247734,   NaN
 121,  853.537,  -6.36,   0.17,  -7.48,   0.58,  -5.66,  -5.02, 155.595262, 195.433573,   NaN
 122,  852.717,  -6.42,   0.17,  -7.58,   0.58,  -5.67,  -5.02, 156.869228, 211.646976,   NaN
 123,  852.027,  -6.48,   0.17,  -7.65,   0.57,  -5.84,  -5.18, 158.173490, 227.882232,   NaN
 124,  851.305,  -6.55,   0.17,  -7.72,   0.55,  -5.84,  -5.18, 154.384652, 212.337793,   NaN
 125,  850.649,  -6.60,   0.17,  -7.76,   0.53,  -5.85,  -5.19, 150.084150, 199.905994,   NaN
 126,  849.927,  -6.65,   0.17,  -7.78,   0.51,  -5.99,  -5.31, 152.447432, 191.214402,   NaN
 127,  849.303,  -6.72,   0.17,  -7.81,   0.50,  -5.99,  -5.31, 154.965998, 182.568999,   NaN
 128,  848.745,  -6.78,   0.18,  -7.82,   0.49,  -6.00,  -5.31, 150.307710, 199.285623,   NaN
 129,  848.023,  -6.85,   0.17,  -7.84,   0.48,  -6.00,  -5.32, 149.693542, 232.767562,   NaN
 130,  847.104,  -6.92,   0.17,  -7.85,   0.47,  -6.14,  -5.44, 147.122513, 226.948122,   NaN
 131,  846.316,  -6.97,   0.18,  -7.86,   0.46,  -6.32,  -5.60, 147.014819, 221.156944,   NaN
 132,  845.429,  -7.05,   0.17,  -7.90,   0.46,  -6.33,  -5.61, 147.868494, 195.095964,   NaN
 133,  844.707,  -7.11,   0.17,  -7.93,   0.46,  -6.46,  -5.73, 145.526346, 185.936041,   NaN
 134,  844.051,  -7.16,   0.17,  -7.97,   0.47,  -6.46,  -5.73, 139.384044, 179.137232,   NaN
 135,  843.493,  -7.23,   0.16,  -8.06,   0.46,  -6.48,  -5.74, 140.740348, 170.575173,   NaN
 136,  842.738,  -7.23,   0.16,  -8.06,   0.46,  -6.63,  -5.88, 144.987943, 170.358311,   NaN
 137,  841.884,  -7.28,   0.16,  -8.15,   0.47,  -6.64,  -5.89, 139.345178, 170.155029,   NaN
 138,  841.064,  -7.36,   0.16,  -8.26,   0.47,  -6.65,  -5.90, 135.202122, 183.504288,   NaN
 139,  840.506,  -7.41,   0.16,  -8.36,   0.48,  -6.72,  -5.96, 140.398135, 156.027413,   NaN
 140,  839.849,  -7.48,   0.16,  -8.50,   0.49,  -6.79,  -6.02, 137.828867, 170.086492,   NaN
 141,  839.160,  -7.55,   0.17,  -8.61,   0.50,  -6.79,  -6.03, 136.856070, 197.212777,   NaN
 142,  838.372,  -7.61,   0.17,  -8.74,   0.52,  -6.92,  -6.14, 135.853576, 184.210251,   NaN
 143,  837.387,  -7.67,   0.17,  -8.88,   0.54,  -6.92,  -6.14, 134.736227, 171.188790,   NaN
 144,  836.961,  -7.75,   0.16,  -9.00,   0.56,  -6.92,  -6.14, 133.717134, 185.320853,   NaN
 145,  836.304,  -7.78,   0.17,  -9.09,   0.58,  -6.93,  -6.15, 131.387842, 179.922019,   NaN
 146,  835.582,  -7.87,   0.18,  -9.17,   0.59,  -6.94,  -6.16, 133.716163, 185.417437,   NaN
 147,  834.761,  -7.94,   0.18,  -9.22,   0.59,  -7.07,  -6.28, 136.019882, 185.284632,   NaN
 148,  834.105,  -8.01,   0.17,  -9.26,   0.58,  -7.21,  -6.40, 128.221684, 185.187862,   NaN
 149,  833.317,  -8.07,   0.18,  -9.29,   0.56,  -7.36,  -6.53, 135.527318, 164.049811,   NaN
 150,  832.759,  -8.14,   0.18,  -9.31,   0.55,  -7.37,  -6.53, 133.554601, 182.042635,   NaN
 151,  832.004,  -8.21,   0.18,  -9.33,   0.53,  -7.37,  -6.54, 131.557242, 187.505412,   NaN
 152,  831.216,  -8.25,   0.17,  -9.34,   0.51,  -7.53,  -6.68, 128.717966, 171.145826,   NaN
 153,  830.724,  -8.31,   0.17,  -9.35,   0.50,  -7.69,  -6.82, 125.932492, 168.820505,   NaN
 154,  829.837,  -8.31,   0.17,  -9.35,   0.50,  -7.69,  -6.83, 128.345463, 166.383149,   NaN
 155,  828.885,  -8.37,   0.17,  -9.38,   0.48,  -7.83,  -6.95, 122.502508, 169.498332,   NaN
 156,  828.196,  -8.43,   0.18,  -9.41,   0.47,  -7.83,  -6.95, 124.681839, 176.410094,   NaN
 157,  827.671,  -8.50,   0.17,  -9.46,   0.46,  -7.98,  -7.08, 126.889032, 165.080604,   NaN
 158,  826.949,  -8.56,   0.17,  -9.51,   0.45,  -7.98,  -7.08, 128.148341, 165.095429,   NaN
 159,  825.997,  -8.64,   0.17,  -9.59,   0.46,  -7.98,  -7.09, 119.484406, 166.510216,   NaN
 160,  825.308,  -8.68,   0.17,  -9.67,   0.45,  -8.12,  -7.21, 122.948258, 167.945623,   NaN
 161,  824.848,  -8.75,   0.16,  -9.78,   0.45,  -8.12,  -7.21, 116.640877, 161.815186,   NaN
 162,  824.027,  -8.81,   0.17,  -9.88,   0.45,  -8.12,  -7.22, 116.110809, 154.775330,   NaN
 163,  823.404,  -8.88,   0.17, -10.00,   0.45,  -8.40,  -7.47, 116.052407, 154.697480,   NaN
 164,  822.682,  -8.96,   0.17, -10.12,   0.46,  -8.41,  -7.47, 116.616837, 170.618793,   NaN
 165,  821.894,  -9.00,   0.18, -10.23,   0.48,  -8.41,  -7.47, 118.096917, 159.154928,   NaN
 166,  821.007,  -9.07,   0.17, -10.35,   0.50,  -8.55,  -7.60, 120.527626, 165.473637,   NaN
 167,  820.581,  -9.13,   0.18, -10.47,   0.54,  -8.56,  -7.61, 118.418072, 159.557314,   NaN
 168,  820.023,  -9.20,   0.18, -10.56,   0.57,  -8.57,  -7.61, 119.560160, 153.616200,   NaN
 169,  819.235,  -9.27,   0.18, -10.64,   0.59,  -8.57,  -7.61, 120.672259, 155.207788,   NaN
 170,  818.447,  -9.34,   0.18, -10.71,   0.61,  -8.57,  -7.61, 115.428329, 156.003272,   NaN
 171,  817.462,  -9.42,   0.18, -10.77,   0.61,  -8.58,  -7.62, 117.397415, 156.766039,   NaN
 172,  816.871,  -9.42,   0.18, -10.77,   0.61,  -8.65,  -7.69, 115.493422, 161.339508,   NaN
 173,  816.313,  -9.46,   0.17, -10.79,   0.61,  -8.72,  -7.75, 119.893318, 146.091431,   NaN
 174,  815.624,  -9.54,   0.17, -10.82,   0.59,  -8.86,  -7.88, 111.098537, 130.523550,   NaN
 175,  814.869,  -9.60,   0.18, -10.85,   0.57,  -9.01,  -8.01, 117.677369, 142.885642,   NaN
 176,  814.147,  -9.66,   0.18, -10.88,   0.56,  -9.01,  -8.01, 119.040283, 137.885050,   NaN
 177,  813.589,  -9.70,   0.17, -10.89,   0.53,  -9.02,  -8.02, 111.640599, 129.367285,   NaN
 178,  812.735,  -9.78,   0.18, -10.93,   0.51,  -9.17,  -8.15, 111.555084, 117.737709,   NaN
 179,  812.112,  -9.83,   0.18, -10.96,   0.48,  -9.18,  -8.16, 116.058619, 106.145409,   NaN
 180,  811.357,  -9.91,   0.18, -11.02,   0.47,  -9.31,  -8.28, 114.989964, 121.624515,   NaN
 181,  810.569,  -9.98,   0.19, -11.08,   0.46,  -9.47,  -8.42, 113.409733, 137.068321,   NaN
 182,  809.912, -10.04,   0.19, -11.15,   0.46,  -9.48,  -8.43, 115.401853, 136.700165,   NaN
 183,  809.256, -10.12,   0.18, -11.24,   0.46,  -9.57,  -8.51, 113.160276, 136.338861,   NaN
 184,  808.501, -10.17,   0.19, -11.33,   0.46,  -9.66,  -8.59, 115.130965, 114.446085,   NaN
 185,  807.877, -10.23,   0.17, -11.44,   0.46,  -9.94,  -8.84, 113.267540, 120.441773,   NaN
 186,  807.385, -10.30,   0.17, -11.54,   0.46, -10.08,  -8.97, 115.280110, 132.938265,   NaN
 187,  806.466, -10.36,   0.18, -11.64,   0.47, -10.21,  -9.09, 111.749545, 145.347216,   NaN
 188,  806.039, -10.45,   0.18, -11.74,   0.48, -10.40,  -9.26, 109.925102, 137.053513,   NaN
 189,  805.021, -10.45,   0.18, -11.74,   0.48, -10.41,  -9.26, 110.876830, 147.555019,   NaN
 190,  804.234, -10.52,   0.18, -11.85,   0.50, -10.42,  -9.27, 110.080369, 127.383143,   NaN
 191,  803.511, -10.58,   0.18, -11.94,   0.53, -10.57,  -9.40, 115.963370, 124.046631,   NaN
 192,  802.953, -10.64,   0.18, -12.04,   0.57, -10.73,  -9.55, 112.310297, 134.195362,   NaN
 193,  802.264, -10.71,   0.18, -12.13,   0.61, -10.74,  -9.56, 112.241890, 144.311001,   NaN
 194,  801.476, -10.76,   0.18, -12.19,   0.63,    NaN,    NaN, 112.842449, 146.671323,   NaN
 195,  800.918, -10.85,   0.18, -12.25,   0.64,    NaN,    NaN, 108.958444, 146.617748,   NaN
 196,  800.163, -10.92,   0.19, -12.30,   0.64,    NaN,    NaN, 109.998819, 146.520899,   NaN
 197,  799.408, -10.99,   0.18, -12.33,   0.62,    NaN,    NaN, 105.837637, 164.256978,   NaN
 198,  798.916, -11.06,   0.19, -12.38,   0.61,    NaN,    NaN, 110.503967, 147.659052,   NaN
 199,  798.259, -11.10,   0.18, -12.40,   0.58,    NaN,    NaN, 113.338431, 131.026630,   NaN
 200,  797.537, -11.16,   0.19, -12.45,   0.55,    NaN,    NaN, 106.956087, 127.327417,   NaN
 201,  796.684, -11.24,   0.18, -12.48,   0.53,    NaN,    NaN, 107.336394, 133.170525,   NaN
 202,  795.896, -11.29,   0.19, -12.52,   0.50,    NaN,    NaN, 107.712392, 121.052231,   NaN
 203,  795.436, -11.38,   0.19, -12.58,   0.49,    NaN,    NaN, 108.432010, 128.845431,   NaN
 204,  794.681, -11.42,   0.19, -12.64,   0.49,    NaN,    NaN, 110.966740, 131.215183,   NaN
 205,  793.828, -11.49,   0.19, -12.71,   0.48,    NaN,    NaN, 113.492407, 129.405921,   NaN
 206,  793.139, -11.58,   0.19, -12.78,   0.47,    NaN,    NaN, 107.517471, 131.422914,   NaN
 207,  792.843, -11.58,   0.19, -12.78,   0.47,    NaN,    NaN, 111.791958, 143.756320,   NaN
 208,  792.055, -11.64,   0.19, -12.86,   0.47,    NaN,    NaN, 111.706159, 119.426047,   NaN
 209,  791.103, -11.71,   0.19, -12.95,   0.46,    NaN,    NaN, 113.502613, 124.721556,   NaN
 210,  790.808, -11.75,   0.19, -13.04,   0.47,    NaN,    NaN, 109.856282, 130.101488,   NaN
 211,  789.987, -11.84,   0.20, -13.15,   0.48,    NaN,    NaN, 109.898985, 130.234452,   NaN
 212,  789.068, -11.90,   0.19, -13.26,   0.50,    NaN,    NaN, 108.085765, 127.118087,   NaN
 213,  788.543, -11.97,   0.19, -13.36,   0.52,    NaN,    NaN, 107.798242, 124.071488,   NaN
 214,  787.788, -12.02,   0.19, -13.45,   0.56,    NaN,    NaN, 110.159476, 130.819288,   NaN
 215,  787.066, -12.10,   0.19, -13.55,   0.60,    NaN,    NaN, 109.787881, 118.423667,   NaN
 216,  786.442, -12.16,   0.19, -13.64,   0.63,    NaN,    NaN, 106.602894, 130.925929,   NaN
 217,  785.851, -12.24,   0.19, -13.70,   0.65,    NaN,    NaN, 108.699151, 143.433384,   NaN
 218,  785.195, -12.32,   0.19, -13.77,   0.65,    NaN,    NaN, 107.238160, 133.252972,   NaN
 219,  784.243, -12.39,   0.18, -13.83,   0.65,    NaN,    NaN, 106.582698, 123.036929,   NaN
 220,  783.619, -12.46,   0.19, -13.87,   0.64,    NaN,    NaN, 104.030243, 130.285660,   NaN
 221,  783.193, -12.52,   0.18, -13.92,   0.61,    NaN,    NaN, 104.058310, 121.450628,   NaN
 222,  782.306, -12.57,   0.18, -13.94,   0.59,    NaN,    NaN, 103.900792, 112.551954,   NaN
 223,  781.748, -12.63,   0.18, -13.99,   0.56,    NaN,    NaN, 104.215367, 123.371582,   NaN
 224,  781.092, -12.70,   0.19, -14.03,   0.54,    NaN,    NaN, 104.154815, 134.167436,   NaN
 225,  780.271, -12.70,   0.19, -14.03,   0.54,    NaN,    NaN, 104.045379, 127.959174,   NaN
 226,  779.746, -12.79,   0.18, -14.08,   0.51,    NaN,    NaN, 103.466742, 126.341894,   NaN
 227,  779.089, -12.85,   0.19, -14.10,   0.49,    NaN,    NaN, 102.855142, 112.631489,   NaN
 228,  778.170, -12.93,   0.18, -14.12,   0.48,    NaN,    NaN, 106.347309, 112.533310,   NaN
 229,  777.579, -12.99,   0.19, -14.16,   0.47,    NaN,    NaN, 106.957217, 112.474131,   NaN
 230,  777.054, -13.04,   0.19, -14.23,   0.47,    NaN,    NaN, 103.631231, 128.886481,   NaN
 231,  776.496, -13.13,   0.19, -14.34,   0.47,    NaN,    NaN, 108.803311, 134.507262,   NaN
 232,  775.577, -13.20,   0.20, -14.41,   0.47,    NaN,    NaN, 103.256511, 130.715043,   NaN
 233,  775.183, -13.27,   0.18, -14.52,   0.48,    NaN,    NaN, 102.323790, 126.608107,   NaN
 234,  774.100, -13.33,   0.18, -14.62,   0.50,    NaN,    NaN, 102.628412, 122.393820,   NaN
 235,  773.640, -13.39,   0.19, -14.71,   0.52,    NaN,    NaN, 106.336515, 129.471880,   NaN
 236,  773.082, -13.46,   0.20, -14.82,   0.55,    NaN,    NaN, 100.966186, 125.210817,   NaN
 237,  772.327, -13.52,   0.18, -14.92,   0.58,    NaN,    NaN, 100.531268, 138.296118,   NaN
 238,  771.769, -13.59,   0.19, -15.03,   0.62,    NaN,    NaN, 100.483521, 113.275148,   NaN
 239,  771.113, -13.66,   0.18, -15.13,   0.64,    NaN,    NaN, 101.510247, 121.860442,   NaN
 240,  770.128, -13.73,   0.19, -15.19,   0.66,    NaN,    NaN, 102.318908, 130.378664,   NaN
 241,  769.570, -13.79,   0.18, -15.26,   0.66,    NaN,    NaN, 100.935496, 131.427321,   NaN
 242,  768.552, -13.79,   0.18, -15.26,   0.66,    NaN,    NaN, 102.276595, 128.347268,   NaN
 243,  768.323, -13.86,   0.19, -15.32,   0.64,    NaN,    NaN, 103.748560, 127.126706,   NaN
 244,  767.830, -13.92,   0.18, -15.36,   0.63,    NaN,    NaN, 100.519032, 123.407892,   NaN
 245,  766.780, -13.98,   0.18, -15.40,   0.60,    NaN,    NaN, 103.232115, 123.270786,   NaN
 246,  766.353, -14.05,   0.19, -15.43,   0.58,    NaN,    NaN, 97.982476, 114.318593,   NaN
 247,  765.828, -14.12,   0.19, -15.46,   0.54,    NaN,    NaN, 98.539740, 124.410698,   NaN
 248,  765.007, -14.20,   0.19, -15.49,   0.52,    NaN,    NaN, 97.923330, 134.444792,   NaN
 249,  764.252, -14.26,   0.18, -15.53,   0.50,    NaN,    NaN, 100.303236, 132.416670,   NaN
 250,  763.629, -14.33,   0.19, -15.57,   0.48,    NaN,    NaN, 107.434231, 120.229712,   NaN
 251,  762.972, -14.40,   0.19, -15.62,   0.47,    NaN,    NaN, 102.166359, 122.512616,   NaN
 252,  762.316, -14.46,   0.19, -15.68,   0.46,    NaN,    NaN, 96.177573, 122.641112,   NaN
 253,  761.593, -14.54,   0.20, -15.77,   0.46,    NaN,    NaN, 96.116899, 134.884020,   NaN
 254,  760.707, -14.58,   0.20, -15.85,   0.47,    NaN,    NaN, 94.888360, 126.990212,   NaN
 255,  760.543, -14.67,   0.20, -15.96,   0.47,    NaN,    NaN, 100.817118, 119.247336,   NaN
 256,  759.722, -14.74,   0.20, -16.05,   0.48,    NaN,    NaN, 99.833169, 136.187174,   NaN
 257,  759.131, -14.79,   0.20, -16.15,   0.50,    NaN,    NaN, 93.756868, 119.344698,   NaN
 258,  758.409, -14.87,   0.20, -16.26,   0.52,    NaN,    NaN, 97.689582, 122.131092,   NaN
 259,  757.786, -14.94,   0.19, -16.37,   0.55,    NaN,    NaN, 94.537680, 124.595466,   NaN
 260,  757.096, -14.94,   0.19, -16.37,   0.55,    NaN,    NaN, 97.132370, 124.482131,   NaN
 261,  756.407, -15.00,   0.19, -16.47,   0.59,    NaN,    NaN, 95.868520, 124.394257,   NaN
 262,  755.882, -15.05,   0.19, -16.56,   0.62,    NaN,    NaN, 94.990975, 120.757415,   NaN
 263,  755.225, -15.13,   0.19, -16.65,   0.65,    NaN,    NaN, 92.320557, 115.853746,   NaN
 264,  754.798, -15.20,   0.20, -16.72,   0.66,    NaN,    NaN, 92.480780, 110.987095,   NaN
 265,  753.814, -15.26,   0.18, -16.78,   0.66,    NaN,    NaN, 95.933736, 111.451931,   NaN
 266,  753.157, -15.34,   0.18, -16.83,   0.65,    NaN,    NaN, 95.170199, 125.352506,   NaN
 267,  752.599, -15.38,   0.17, -16.85,   0.63,    NaN,    NaN, 91.380582, 139.233327,   NaN
 268,  751.746, -15.44,   0.19, -16.89,   0.61,    NaN,    NaN, 91.295981, 120.613992,   NaN
 269,  751.188, -15.49,   0.19, -16.92,   0.59,    NaN,    NaN, 92.731067, 130.923379,   NaN
 270,  750.728, -15.54,   0.21, -16.95,   0.56,    NaN,    NaN, 97.008772, 129.654172,   NaN
 271,  749.940, -15.58,   0.22, -16.98,   0.53,    NaN,    NaN, 96.923565, 128.815849,   NaN
 272,  749.415, -15.64,   0.25, -17.02,   0.51,    NaN,    NaN, 90.907273, 129.995632,   NaN
 273,  748.595, -15.65,   0.28, -17.07,   0.49,    NaN,    NaN, 91.755462, 131.102062,   NaN
 274,  748.102, -15.68,   0.34, -17.12,   0.49,    NaN,    NaN, 93.714803, 121.800662,   NaN
 275,  747.413, -15.70,   0.39, -17.18,   0.48,    NaN,    NaN, 92.046360, 112.473109,   NaN
 276,  746.822, -15.74,   0.43, -17.29,   0.47,    NaN,    NaN, 91.216051, 91.400716,   NaN
 277,  746.133, -15.81,   0.45, -17.38,   0.48,    NaN,    NaN, 90.451907, 91.341076,   NaN
 278,  745.607, -15.81,   0.45, -17.38,   0.48,    NaN,    NaN, 90.798980, 111.973114,   NaN
 279,  744.951, -15.86,   0.46, -17.49,   0.49,    NaN,    NaN, 84.629850, 116.293795,   NaN
 280,  744.097, -15.92,   0.45, -17.58,   0.50,    NaN,    NaN, 89.718548, 120.584406,   NaN
 281,  743.539, -16.00,   0.43, -17.70,   0.52,    NaN,    NaN, 89.562214, 118.904590,   NaN
 282,  742.916, -16.09,   0.42, -17.82,   0.54,    NaN,    NaN, 88.229938, 117.219058,   NaN
 283,  742.128, -16.07,   0.50, -17.92,   0.57,    NaN,    NaN, 88.128441, 115.605940,   NaN
 284,  741.865, -16.16,   0.45, -18.01,   0.61,    NaN,    NaN, 88.011869, 100.339210,   NaN
 285,  741.077, -16.24,   0.44, -18.10,   0.64,    NaN,    NaN, 87.830194, 113.893830,   NaN
 286,  740.290, -16.34,   0.42, -18.17,   0.66,    NaN,    NaN, 86.242843, 103.139468,   NaN
 287,  739.929, -16.43,   0.39, -18.23,   0.66,    NaN,    NaN, 84.596518, 98.397133,   NaN
 288,  739.108, -16.49,   0.38, -18.27,   0.66,    NaN,    NaN, 81.713961, 93.586147,   NaN
 289,  738.386, -16.58,   0.38, -18.31,   0.65,    NaN,    NaN, 88.265895, 103.153115,   NaN
 290,  737.697, -16.66,   0.35, -18.33,   0.63,    NaN,    NaN, 88.065057, 112.707630,   NaN
 291,  737.040, -16.73,   0.35, -18.35,   0.60,    NaN,    NaN, 87.866462, 114.914131,   NaN
 292,  736.646, -16.79,   0.34, -18.38,   0.57,    NaN,    NaN, 83.109680, 117.153307,   NaN
 293,  735.760, -16.87,   0.33, -18.41,   0.54,    NaN,    NaN, 88.167981, 101.872849,   NaN
 294,  735.136, -16.96,   0.33, -18.45,   0.51,    NaN,    NaN, 85.675827, 91.146793,   NaN
 295,  734.808, -16.96,   0.33, -18.45,   0.51,    NaN,    NaN, 84.475827, 97.757120,   NaN
 296,  734.119, -17.04,   0.33, -18.51,   0.49,    NaN,    NaN, 82.938047, 104.342216,   NaN
 297,  733.659, -17.09,   0.32, -18.58,   0.48,    NaN,    NaN, 82.521570, 112.728361,   NaN
 298,  732.674, -17.14,   0.29, -18.65,   0.47,    NaN,    NaN, 82.427813, 102.705635,   NaN
 299,  732.182, -17.21,   0.26, -18.75,   0.47,    NaN,    NaN, 83.907049, 104.167895,   NaN
 300,  731.460, -17.08,   0.09, -18.83,   0.47,    NaN,    NaN, 81.980210, 111.739357,   NaN
 301,  730.902, -16.49,   0.57, -18.94,   0.48,    NaN,    NaN, 82.596219, 119.103336,   NaN
 302,  730.179, -16.64,   0.50, -19.05,   0.49,    NaN,    NaN, 83.838406, 112.242990,   NaN
 303,  729.753, -16.82,   0.38, -19.16,   0.50,    NaN,    NaN, 79.056594, 107.284031,   NaN
 304,  729.162, -16.99,   0.26, -19.25,   0.53,    NaN,    NaN, 83.087658, 108.535261,   NaN
 305,  728.210, -17.20,   0.15, -19.37,   0.56,    NaN,    NaN, 82.817621, 106.450400,   NaN
 306,  727.521, -17.32,   0.07, -19.45,   0.60,    NaN,    NaN, 78.785567, 104.364548,   NaN
 307,  727.061, -17.46,   0.01, -19.54,   0.63,    NaN,    NaN, 78.664743, 99.182403,   NaN
 308,  726.437, -17.58,   0.06, -19.60,   0.66,    NaN,    NaN, 80.080189, 93.969637,   NaN
 309,  725.682, -17.69,   0.10, -19.66,   0.68,    NaN,    NaN, 77.549901, 105.961304,   NaN
 310,  725.223, -17.80,   0.13, -19.70,   0.68,    NaN,    NaN, 80.992845, 103.695821,   NaN
 311,  724.829, -17.87,   0.16, -19.73,   0.67,    NaN,    NaN, 80.971511, 103.586360,   NaN
 312,  723.976, -17.94,   0.17, -19.75,   0.65,    NaN,    NaN, 79.003874, 99.415534,   NaN
 313,  723.417, -17.94,   0.17, -19.75,   0.65,    NaN,    NaN, 79.631857, 100.380425,   NaN
 314,  722.728, -18.02,   0.18, -19.80,   0.63,    NaN,    NaN, 79.580287, 101.356273,   NaN
 315,  722.170, -18.10,   0.19, -19.85,   0.59,    NaN,    NaN, 79.659818, 106.800190,   NaN
 316,  721.612, -18.16,   0.19, -19.88,   0.56,    NaN,    NaN, 74.966414, 96.753835,   NaN
 317,  720.726, -18.23,   0.19, -19.93,   0.53,    NaN,    NaN, 76.669130, 104.545839,   NaN
 318,  720.168, -18.31,   0.19, -19.98,   0.50,    NaN,    NaN, 78.472875, 112.885495,   NaN
 319,  719.478, -18.38,   0.20, -20.05,   0.48,    NaN,    NaN, 77.667981, 86.091681,   NaN
 320,  718.986, -18.46,   0.20, -20.14,   0.47,    NaN,    NaN, 79.132860, 89.043864,   NaN
 321,  718.461, -18.53,   0.20, -20.22,   0.47,    NaN,    NaN, 81.325560, 91.987192,   NaN
 322,  717.739, -18.61,   0.21, -20.32,   0.47,    NaN,    NaN, 77.664408, 99.128174,   NaN
 323,  717.082, -18.66,   0.20, -20.42,   0.47,    NaN,    NaN, 76.980989, 102.252731,   NaN
 324,  716.623, -18.74,   0.19, -20.52,   0.49,    NaN,    NaN, 76.328504, 105.801281,   NaN
 325,  715.835, -18.81,   0.20, -20.62,   0.52,    NaN,    NaN, 76.664154, 109.292223,   NaN
 326,  715.342, -18.88,   0.20, -20.71,   0.53,    NaN,    NaN, 81.255342, 109.246639,   NaN
 327,  714.817, -18.94,   0.20, -20.79,   0.55,    NaN,    NaN, 78.081723, 83.865856,   NaN
 328,  714.095, -19.01,   0.20, -20.88,   0.59,    NaN,    NaN, 78.026331, 102.219534,   NaN
 329,  713.504, -19.07,   0.20, -20.95,   0.62,    NaN,    NaN, 78.945589, 106.146353,   NaN
 330,  713.012, -19.13,   0.19, -21.03,   0.66,    NaN,    NaN, 77.596082, 102.750856,   NaN
 331,  712.191, -19.13,   0.19, -21.03,   0.66,    NaN,    NaN, 78.934416, 99.286533,   NaN
 332,  711.797, -19.18,   0.20, -21.08,   0.68,    NaN,    NaN, 77.024574, 101.585837,   NaN
 333,  711.009, -19.25,   0.19, -21.14,   0.69,    NaN,    NaN, 73.776263, 100.131873,   NaN
 334,  710.386, -19.32,   0.19, -21.19,   0.68,    NaN,    NaN, 75.269367, 92.021984,   NaN
 335,  709.893, -19.39,   0.19, -21.23,   0.66,    NaN,    NaN, 74.615674, 107.378908,   NaN
 336,  709.335, -19.45,   0.19, -21.27,   0.64,    NaN,    NaN, 75.479584, 87.184542,   NaN
 337,  708.318, -19.51,   0.19, -21.32,   0.60,    NaN,    NaN, 76.012492, 86.418964,   NaN
 338,  707.825, -19.58,   0.19, -21.36,   0.57,    NaN,    NaN, 76.602616, 89.786989,   NaN
 339,  707.202, -19.68,   0.19, -21.41,   0.53,    NaN,    NaN, 81.834315, 93.143239,   NaN
 340,  706.709, -19.73,   0.20, -21.47,   0.51,    NaN,    NaN, 77.493635, 106.127150,   NaN
 341,  706.250, -19.81,   0.20, -21.55,   0.49,    NaN,    NaN, 74.469293, 95.375218,   NaN
 342,  705.429, -19.88,   0.19, -21.60,   0.47,    NaN,    NaN, 78.358304, 88.092655,   NaN
 343,  704.871, -19.93,   0.19, -21.69,   0.47,    NaN,    NaN, 78.312617, 90.598291,   NaN
 344,  704.477, -20.03,   0.19, -21.78,   0.48,    NaN,    NaN, 75.303696, 93.139205,   NaN
 345,  703.624, -20.08,   0.19, -21.87,   0.49,    NaN,    NaN, 76.015543, 96.825300,   NaN
 346,  703.000, -20.16,   0.20, -21.97,   0.51,    NaN,    NaN, 78.120453, 92.543433,   NaN
 347,  702.540, -20.22,   0.20, -22.04,   0.52,    NaN,    NaN, 74.815234, 88.275547,   NaN
 348,  701.621, -20.22,   0.20, -22.04,   0.52,    NaN,    NaN,   NaN, 88.593438,   NaN
 349,  701.424, -20.28,   0.21, -22.11,   0.54,    NaN,    NaN,   NaN, 89.023534,   NaN
 350,  700.768, -20.37,   0.21, -22.22,   0.56,    NaN,    NaN,   NaN, 115.529106,   NaN
 351,  700.177, -20.44,   0.21, -22.28,   0.59,    NaN,    NaN,   NaN, 91.599095,   NaN
 352,  699.127, -20.50,   0.21, -22.37,   0.63,    NaN,    NaN,   NaN, 99.961903,   NaN
 353,  699.061, -20.58,   0.19, -22.44,   0.66,    NaN,    NaN,   NaN, 99.593660,   NaN
 354,  698.207, -20.64,   0.21, -22.52,   0.69,    NaN,    NaN,   NaN, 99.108874,   NaN
 355,  697.879, -20.72,   0.20, -22.58,   0.70,    NaN,    NaN,   NaN, 100.126701,   NaN
 356,  696.796, -20.78,   0.20, -22.64,   0.70,    NaN,    NaN,   NaN, 99.995143,   NaN
 357,  696.533, -20.83,   0.22, -22.68,   0.68,    NaN,    NaN,   NaN, 91.104714,   NaN
 358,  695.844, -20.91,   0.22, -22.74,   0.65,    NaN,    NaN,   NaN, 85.303147,   NaN
 359,  695.122, -20.96,   0.21, -22.79,   0.61,    NaN,    NaN,   NaN, 109.458683,   NaN
 360,  694.761, -21.03,   0.22, -22.85,   0.58,    NaN,    NaN,   NaN, 100.894574,   NaN
 361,  694.104, -21.12,   0.22, -22.91,   0.55,    NaN,    NaN,   NaN, 92.300779,   NaN
 362,  693.514, -21.17,   0.21, -22.96,   0.52,    NaN,    NaN,   NaN, 84.834061,   NaN
 363,  692.824, -21.25,   0.21, -23.02,   0.50,    NaN,    NaN,   NaN, 89.132604,   NaN
 364,  692.332, -21.30,   0.22, -23.08,   0.49,    NaN,    NaN,   NaN, 93.444503,   NaN
 365,  691.807, -21.36,   0.21, -23.15,   0.48,    NaN,    NaN,   NaN, 97.799524,   NaN
 366,  691.019, -21.36,   0.21, -23.15,   0.48,    NaN,    NaN,   NaN, 89.215972,   NaN
 367,  690.559, -21.43,   0.22, -23.22,   0.48,    NaN,    NaN,   NaN, 88.315984,   NaN
 368,  689.968, -21.49,   0.22, -23.28,   0.49,    NaN,    NaN,   NaN, 95.185419,   NaN
 369,  689.476, -21.58,   0.22, -23.38,   0.51,    NaN,    NaN,   NaN, 84.511511,   NaN
 370,  688.754, -21.62,   0.22, -23.45,   0.52,    NaN,    NaN,   NaN, 92.342333,   NaN
 371,  688.130, -21.69,   0.22, -23.53,   0.54,    NaN,    NaN,   NaN, 88.728808,   NaN
 372,  687.605, -21.77,   0.22, -23.63,   0.56,    NaN,    NaN,   NaN, 90.070896,   NaN
 373,  686.817, -21.85,   0.23, -23.73,   0.59,    NaN,    NaN,   NaN, 91.375284,   NaN
 374,  686.390, -21.92,   0.23, -23.80,   0.62,    NaN,    NaN,   NaN, 91.343486,   NaN
 375,  685.799, -21.98,   0.23, -23.88,   0.65,    NaN,    NaN,   NaN, 98.248304,   NaN
 376,  685.241, -22.05,   0.23, -23.96,   0.68,    NaN,    NaN,   NaN, 80.801891,   NaN
 377,  684.322, -22.11,   0.23, -24.03,   0.69,    NaN,    NaN,   NaN, 79.362129,   NaN
 378,  683.600, -22.20,   0.23, -24.11,   0.69,    NaN,    NaN,   NaN, 85.817922,   NaN
 379,  683.239, -22.25,   0.22, -24.17,   0.68,    NaN,    NaN,   NaN, 95.930160,   NaN
 380,  682.583, -22.32,   0.22, -24.23,   0.66,    NaN,    NaN,   NaN, 90.923539,   NaN
 381,  682.090, -22.40,   0.22, -24.29,   0.63,    NaN,    NaN,   NaN, 85.948807,   NaN
 382,  681.237, -22.46,   0.22, -24.33,   0.60,    NaN,    NaN,   NaN, 86.285974,   NaN
 383,  680.712, -22.54,   0.22, -24.39,   0.57,    NaN,    NaN,   NaN, 93.916565,   NaN
 384,  680.252, -22.54,   0.22, -24.39,   0.57,    NaN,    NaN,   NaN, 92.942188,   NaN
 385,  679.431, -22.61,   0.23, -24.43,   0.54,    NaN,    NaN,   NaN, 91.947004,   NaN
 386,  678.808, -22.68,   0.23, -24.48,   0.51,    NaN,    NaN,   NaN, 89.676404,   NaN
 387,  678.283, -22.77,   0.23, -24.53,   0.49,    NaN,    NaN,   NaN, 87.549832,   NaN
 388,  677.725, -22.82,   0.24, -24.58,   0.49,    NaN,    NaN,   NaN, 85.408323,   NaN
 389,  676.937, -22.91,   0.23, -24.67,   0.50,    NaN,    NaN,   NaN, 93.916250,   NaN
 390,  676.215, -22.97,   0.23, -24.74,   0.51,    NaN,    NaN,   NaN, 88.515922,   NaN
 391,  675.657, -23.04,   0.24, -24.82,   0.52,    NaN,    NaN,   NaN, 94.220007,   NaN
 392,  675.197, -23.12,   0.24, -24.91,   0.53,    NaN,    NaN,   NaN, 99.568163,   NaN
 393,  674.475, -23.20,   0.24, -24.99,   0.55,    NaN,    NaN,   NaN, 90.600715,   NaN
 394,  674.245, -23.27,   0.24, -25.08,   0.56,    NaN,    NaN,   NaN, 81.704388,   NaN
 395,  673.391, -23.33,   0.24, -25.16,   0.58,    NaN,    NaN,   NaN, 95.697813,   NaN
 396,  672.735, -23.43,   0.25, -25.26,   0.61,    NaN,    NaN,   NaN, 83.304010,   NaN
 397,  672.144, -23.50,   0.26, -25.34,   0.64,    NaN,    NaN,   NaN, 83.236531,   NaN
 398,  671.356, -23.57,   0.25, -25.42,   0.66,    NaN,    NaN,   NaN, 83.148640,   NaN
 399,  670.897, -23.63,   0.24, -25.49,   0.69,    NaN,    NaN,   NaN, 83.839744,   NaN
 400,  670.109, -23.73,   0.24, -25.56,   0.69,    NaN,    NaN,   NaN, 84.498778,   NaN
 401,  669.879, -23.73,   0.24, -25.56,   0.69,    NaN,    NaN,   NaN, 88.720098,   NaN
 402,  668.862, -23.80,   0.23, -25.64,   0.69,    NaN,    NaN,   NaN, 82.240579,   NaN
 403,  668.369, -23.87,   0.23, -25.69,   0.67,    NaN,    NaN,   NaN, 80.280227,   NaN
 404,  667.844, -23.94,   0.24, -25.73,   0.64,    NaN,    NaN,   NaN, 80.238887,   NaN
 405,  667.023, -24.01,   0.25, -25.78,   0.62,    NaN,    NaN,   NaN, 89.279380,   NaN
 406,  666.597, -24.09,   0.25, -25.83,   0.59,    NaN,    NaN,   NaN, 85.883408,   NaN
 407,  665.842, -24.17,   0.24, -25.88,   0.56,    NaN,    NaN,   NaN, 87.531384,   NaN
 408,  665.185, -24.24,   0.25, -25.93,   0.54,    NaN,    NaN,   NaN, 81.981436,   NaN
 409,  664.890, -24.31,   0.23, -25.99,   0.52,    NaN,    NaN,   NaN, 76.483508,   NaN
 410,  664.168, -24.38,   0.24, -26.05,   0.51,    NaN,    NaN,   NaN, 82.600256,   NaN
 411,  663.610, -24.46,   0.24, -26.12,   0.51,    NaN,    NaN,   NaN, 88.726914,   NaN
 412,  663.052, -24.53,   0.24, -26.20,   0.51,    NaN,    NaN,   NaN, 93.502478,   NaN
 413,  662.329, -24.61,   0.24, -26.28,   0.52,    NaN,    NaN,   NaN, 93.121354,   NaN
 414,  661.640, -24.68,   0.24, -26.38,   0.53,    NaN,    NaN,   NaN, 92.502356,   NaN
 415,  661.345, -24.75,   0.24, -26.46,   0.54,    NaN,    NaN,   NaN, 85.430897,   NaN
 416,  660.590, -24.81,   0.25, -26.55,   0.55,    NaN,    NaN,   NaN, 92.388102,   NaN
 417,  659.999, -24.87,   0.24, -26.64,   0.57,    NaN,    NaN,   NaN, 98.280567,   NaN
 418,  659.244, -24.95,   0.23, -26.73,   0.59,    NaN,    NaN,   NaN, 90.715125,   NaN
 419,  658.948, -24.95,   0.23, -26.73,   0.59,    NaN,    NaN,   NaN, 88.504574,   NaN
 420,  658.095, -25.01,   0.24, -26.82,   0.63,    NaN,    NaN,   NaN, 86.243410,   NaN
 421,  657.767, -25.08,   0.23, -26.89,   0.65,    NaN,    NaN,   NaN, 88.835115,   NaN
 422,  656.782, -25.15,   0.24, -26.96,   0.68,    NaN,    NaN,   NaN, 86.991152,   NaN
 423,  656.355, -25.23,   0.24, -27.03,   0.69,    NaN,    NaN,   NaN, 85.226275,   NaN
 424,  655.699, -25.29,   0.24, -27.08,   0.69,    NaN,    NaN,   NaN, 88.772731,   NaN
 425,  654.976, -25.37,   0.23, -27.14,   0.68,    NaN,    NaN,   NaN, 92.308537,   NaN
 426,  654.517, -25.42,   0.23, -27.18,   0.67,    NaN,    NaN,   NaN, 79.459115,   NaN
 427,  653.893, -25.50,   0.24, -27.23,   0.64,    NaN,    NaN,   NaN, 82.442702,   NaN
 428,  653.401, -25.55,   0.23, -27.27,   0.61,    NaN,    NaN,   NaN, 85.426915,   NaN
 429,  652.941, -25.63,   0.23, -27.34,   0.58,    NaN,    NaN,   NaN, 91.156902,   NaN
 430,  652.318, -25.69,   0.24, -27.39,   0.55,    NaN,    NaN,   NaN, 88.291936,   NaN
 431,  651.628, -25.77,   0.24, -27.46,   0.53,    NaN,    NaN,   NaN, 92.608167,   NaN
 432,  650.972, -25.84,   0.24, -27.53,   0.52,    NaN,    NaN,   NaN, 93.267673,   NaN
 433,  650.479, -25.90,   0.23, -27.60,   0.51,    NaN,    NaN,   NaN, 86.957251,   NaN
 434,  649.889, -25.97,   0.24, -27.68,   0.51,    NaN,    NaN,   NaN, 80.646245,   NaN
 435,  649.134, -26.04,   0.25, -27.77,   0.51,    NaN,    NaN,   NaN, 91.011540,   NaN
 436,  648.707, -26.09,   0.25, -27.85,   0.52,    NaN,    NaN,   NaN, 101.400103,   NaN
 437,  648.214, -26.09,   0.25, -27.85,   0.52,    NaN,    NaN,   NaN, 72.128591,   NaN
 438,  647.591, -26.18,   0.25, -27.94,   0.53,    NaN,    NaN,   NaN, 96.458482,   NaN
 439,  646.934, -26.26,   0.25, -28.03,   0.54,    NaN,    NaN,   NaN, 81.163972,   NaN
 440,  646.343, -26.32,   0.24, -28.10,   0.56,    NaN,    NaN,   NaN, 82.592267,   NaN
 441,  645.949, -26.39,   0.24, -28.18,   0.58,    NaN,    NaN,   NaN, 91.760382,   NaN
 442,  645.096, -26.47,   0.25, -28.27,   0.62,    NaN,    NaN,   NaN, 90.251013,   NaN
 443,  644.768, -26.54,   0.24, -28.34,   0.64,    NaN,    NaN,   NaN, 88.811981,   NaN
 444,  644.177, -26.61,   0.25, -28.40,   0.67,    NaN,    NaN,   NaN, 88.705980,   NaN
 445,  643.750, -26.67,   0.25, -28.47,   0.69,    NaN,    NaN,   NaN, 88.621124,   NaN
 446,  643.094, -26.74,   0.25, -28.53,   0.69,    NaN,    NaN,   NaN, 77.938510,   NaN
 447,  642.273, -26.80,   0.25, -28.58,   0.68,    NaN,    NaN,   NaN, 84.746117,   NaN
 448,  641.813, -26.87,   0.25, -28.65,   0.66,    NaN,    NaN,   NaN, 80.886966,   NaN
 449,  640.993, -26.95,   0.25, -28.71,   0.64,    NaN,    NaN,   NaN, 76.990675,   NaN
 450,  640.894, -27.03,   0.26, -28.75,   0.61,    NaN,    NaN,   NaN, 76.520092,   NaN
 451,  639.877, -27.12,   0.25, -28.83,   0.57,    NaN,    NaN,   NaN, 86.524377,   NaN
 452,  639.581, -27.18,   0.27, -28.88,   0.54,    NaN,    NaN,   NaN, 88.764019,   NaN
 453,  638.826, -27.25,   0.27, -28.94,   0.53,    NaN,    NaN,   NaN, 81.798138,   NaN
 454,  638.367, -27.25,   0.27, -28.94,   0.53,    NaN,    NaN,   NaN, 81.739288,   NaN
 455,  637.776, -27.31,   0.27, -29.02,   0.51,    NaN,    NaN,   NaN, 81.685186,   NaN
 456,  636.955, -27.38,   0.27, -29.09,   0.51,    NaN,    NaN,   NaN, 87.008293,   NaN
 457,  636.561, -27.45,   0.26, -29.16,   0.51,    NaN,    NaN,   NaN, 79.018019,   NaN
 458,  635.971, -27.53,   0.27, -29.23,   0.52,    NaN,    NaN,   NaN, 77.164903,   NaN
 459,  635.281, -27.59,   0.26, -29.31,   0.52,    NaN,    NaN,   NaN, 79.885881,   NaN
 460,  635.051, -27.68,   0.27, -29.40,   0.54,    NaN,    NaN,   NaN, 82.669499,   NaN
 461,  634.362, -27.76,   0.26, -29.48,   0.56,    NaN,    NaN,   NaN, 90.147755,   NaN
 462,  634.001, -27.81,   0.26, -29.55,   0.58,    NaN,    NaN,   NaN, 91.892272,   NaN
 463,  632.885, -27.88,   0.26, -29.62,   0.60,    NaN,    NaN,   NaN, 82.513813,   NaN
 464,  632.655, -27.94,   0.26, -29.69,   0.63,    NaN,    NaN,   NaN, 92.251934,   NaN
 465,  632.163, -28.03,   0.26, -29.77,   0.66,    NaN,    NaN,   NaN, 101.953143,   NaN
 466,  631.309, -28.11,   0.27, -29.85,   0.68,    NaN,    NaN,   NaN, 95.680616,   NaN
 467,  630.784, -28.19,   0.28, -29.91,   0.69,    NaN,    NaN,   NaN, 89.467581,   NaN
 468,  630.390, -28.24,   0.28, -29.97,   0.68,    NaN,    NaN,   NaN, 85.626150,   NaN
 469,  629.734, -28.32,   0.27, -30.03,   0.67,    NaN,    NaN,   NaN, 81.761055,   NaN
 470,  629.143, -28.40,   0.27, -30.10,   0.64,    NaN,    NaN,   NaN, 86.343389,   NaN
 471,  628.913, -28.48,   0.26, -30.17,   0.61,    NaN,    NaN,   NaN, 86.340178,   NaN
 472,  628.092, -28.48,   0.26, -30.17,   0.61,    NaN,    NaN,   NaN, 86.038134,   NaN
 473,  627.305, -28.52,   0.26, -30.22,   0.58,    NaN,    NaN,   NaN, 85.754758,   NaN
 474,  626.681, -28.59,   0.26, -30.29,   0.55,    NaN,    NaN,   NaN, 89.877517,   NaN
 475,  626.451, -28.65,   0.26, -30.35,   0.53,    NaN,    NaN,   NaN, 85.215377,   NaN
 476,  625.696, -28.72,   0.26, -30.41,   0.52,    NaN,    NaN,   NaN, 80.488591,   NaN
 477,  625.105, -28.80,   0.26, -30.48,   0.51,    NaN,    NaN,   NaN, 76.137357,   NaN
 478,  624.777, -28.86,   0.26, -30.55,   0.53,    NaN,    NaN,   NaN, 87.863945,   NaN
 479,  623.989, -28.94,   0.28, -30.63,   0.53,    NaN,    NaN,   NaN, 99.518245,   NaN
 480,  623.530, -29.01,   0.28, -30.68,   0.53,    NaN,    NaN,   NaN, 86.317953,   NaN
 481,  622.939, -29.06,   0.28, -30.75,   0.54,    NaN,    NaN,   NaN, 73.113914,   NaN
 482,  622.447, -29.13,   0.28, -30.82,   0.56,    NaN,    NaN,   NaN, 75.541700,   NaN
 483,  621.888, -29.22,   0.27, -30.89,   0.58,    NaN,    NaN,   NaN, 79.608870,   NaN
 484,  621.134, -29.29,   0.28, -30.97,   0.60,    NaN,    NaN,   NaN, 80.803775,   NaN
 485,  620.805, -29.36,   0.28, -31.04,   0.63,    NaN,    NaN,   NaN, 86.206621,   NaN
 486,  620.346, -29.42,   0.27, -31.11,   0.66,    NaN,    NaN,   NaN, 81.925303,   NaN
 487,  619.558, -29.48,   0.27, -31.19,   0.68,    NaN,    NaN,   NaN, 77.608223,   NaN
 488,  619.000, -29.56,   0.27, -31.27,   0.69,    NaN,    NaN,   NaN, 82.562553,   NaN
 489,  618.737, -29.62,   0.28, -31.33,   0.68,    NaN,    NaN,   NaN, 80.726273,   NaN
 490,  618.179, -29.62,   0.28, -31.33,   0.68,    NaN,    NaN,   NaN, 83.756375,   NaN
 491,  617.359, -29.69,   0.28, -31.43,   0.67,    NaN,    NaN,   NaN, 86.767801,   NaN
 492,  616.899, -29.76,   0.27, -31.50,   0.65,    NaN,    NaN,   NaN, 89.918260,   NaN
 493,  616.538, -29.82,   0.27, -31.55,   0.62,    NaN,    NaN,   NaN, 85.795708,   NaN
 494,  615.783, -29.86,   0.27, -31.61,   0.60,    NaN,    NaN,   NaN, 81.618774,   NaN
 495,  615.258, -29.96,   0.27, -31.70,   0.58,    NaN,    NaN,   NaN, 83.168281,   NaN
 496,  614.732, -30.02,   0.28, -31.76,   0.55,    NaN,    NaN,   NaN, 84.700728,   NaN
 497,  614.470, -30.08,   0.27, -31.81,   0.53,    NaN,    NaN,   NaN, 90.412544,   NaN
 498,  613.452, -30.16,   0.27, -31.87,   0.53,    NaN,    NaN,   NaN, 78.988946,   NaN
 499,  613.124, -30.22,   0.27, -31.92,   0.52,    NaN,    NaN,   NaN, 67.667974,   NaN
 500,  612.599, -30.30,   0.27, -32.00,   0.53,    NaN,    NaN,   NaN, 72.645522,   NaN
 501,  611.745, -30.37,   0.27, -32.07,   0.54,    NaN,    NaN,   NaN, 77.574501,   NaN
 502,  611.713, -30.45,   0.29, -32.13,   0.55,    NaN,    NaN,   NaN, 79.645042,   NaN
 503,  611.056, -30.50,   0.28, -32.19,   0.56,    NaN,    NaN,   NaN, 84.128120,   NaN
 504,  610.761, -30.58,   0.27, -32.27,   0.58,    NaN,    NaN,   NaN, 80.443519,   NaN
 505,  610.104, -30.66,   0.28, -32.34,   0.60,    NaN,    NaN,   NaN, 80.215844,   NaN
 506,  609.251, -30.74,   0.28, -32.43,   0.63,    NaN,    NaN,   NaN, 85.155584,   NaN
 507,  608.922, -30.74,   0.28, -32.43,   0.63,    NaN,    NaN,   NaN, 90.131540,   NaN
 508,  608.036, -30.79,   0.28, -32.51,   0.65,    NaN,    NaN,   NaN, 83.838530,   NaN
 509,  607.708, -30.86,   0.27, -32.58,   0.66,    NaN,    NaN,   NaN, 77.638722,   NaN
 510,  607.281, -30.91,   0.28, -32.66,   0.67,    NaN,    NaN,   NaN, 91.425737,   NaN
 511,  606.789, -30.99,   0.28, -32.75,   0.67,    NaN,    NaN,   NaN, 89.247751,   NaN
 512,  606.132, -31.07,   0.29, -32.83,   0.66,    NaN,    NaN,   NaN, 85.060110,   NaN
 513,  605.377, -31.13,   0.28, -32.89,   0.64,    NaN,    NaN,   NaN, 82.690009,   NaN
 514,  605.213, -31.19,   0.28, -32.96,   0.61,    NaN,    NaN,   NaN, 80.406088,   NaN
 515,  604.524, -31.26,   0.28, -33.01,   0.59,    NaN,    NaN,   NaN, 90.639823,   NaN
 516,  603.900, -31.31,   0.28, -33.07,   0.57,    NaN,    NaN,   NaN, 84.561265,   NaN
 517,  603.506, -31.37,   0.28, -33.13,   0.54,    NaN,    NaN,   NaN, 78.521408,   NaN
 518,  602.817, -31.43,   0.28, -33.18,   0.53,    NaN,    NaN,   NaN, 84.112991,   NaN
 519,  602.226, -31.51,   0.28, -33.24,   0.53, -32.59, -29.54,   NaN, 82.119708,   NaN
 520,  601.832, -31.57,   0.29, -33.29,   0.52, -32.60, -29.55,   NaN, 80.140797,   NaN
 521,  601.307, -31.64,   0.28, -33.36,   0.53, -32.61, -29.56,   NaN, 87.326505,   NaN
 522,  600.519, -31.71,   0.28, -33.43,   0.53, -32.69, -29.63,   NaN, 83.551130,   NaN
 523,  600.191, -31.78,   0.28, -33.49,   0.55, -32.76, -29.70,   NaN, 79.847971,   NaN
 524,  599.797, -31.84,   0.28, -33.56,   0.56, -32.92, -29.85,   NaN, 85.876831,   NaN
 525,  599.337, -31.84,   0.28, -33.56,   0.56, -32.93, -29.85,   NaN, 89.008656,   NaN
 526,  598.517, -31.90,   0.29, -33.63,   0.58, -33.07, -29.98,   NaN, 89.469488,   NaN
 527,  597.762, -31.98,   0.28, -33.72,   0.60, -33.07, -29.99,   NaN, 90.855075,   NaN
 528,  597.565, -32.05,   0.28, -33.81,   0.62, -33.23, -30.13,   NaN, 90.387063,   NaN
 529,  597.007, -32.10,   0.28, -33.89,   0.64, -33.24, -30.14,   NaN, 82.770169,   NaN
 530,  596.252, -32.19,   0.29, -33.98,   0.66, -33.38, -30.27,   NaN, 77.918426,   NaN
 531,  595.891, -32.23,   0.29, -34.05,   0.66, -33.38, -30.28,   NaN, 78.300342,   NaN
 532,  595.070, -32.29,   0.28, -34.12,   0.66, -33.53, -30.41,   NaN, 78.627924,   NaN
 533,  594.972, -32.38,   0.29, -34.19,   0.64, -33.53, -30.41,   NaN, 81.137561,   NaN
 534,  594.315, -32.44,   0.29, -34.23,   0.63, -33.54, -30.42,   NaN, 80.789298,   NaN
 535,  593.987, -32.54,   0.29, -34.31,   0.60, -33.70, -30.57,   NaN, 80.499996,   NaN
 536,  593.462, -32.58,   0.29, -34.35,   0.58, -33.84, -30.70,   NaN, 86.382574,   NaN
 537,  592.740, -32.66,   0.29, -34.42,   0.56, -33.99, -30.84,   NaN, 85.228133,   NaN
 538,  592.411, -32.71,   0.28, -34.47,   0.55, -34.00, -30.85,   NaN, 85.470374,   NaN
 539,  591.755, -32.77,   0.28, -34.53,   0.54, -34.15, -30.99,   NaN, 86.955930,   NaN
 540,  591.033, -32.85,   0.30, -34.60,   0.53, -34.30, -31.13,   NaN, 73.665289,   NaN
 541,  590.606, -32.91,   0.29, -34.67,   0.53, -34.31, -31.14,   NaN, 82.506813,   NaN
 542,  590.212, -32.96,   0.28, -34.74,   0.54, -34.46, -31.28,   NaN, 66.812149,   NaN
 543,  589.818, -32.96,   0.28, -34.74,   0.54, -34.61, -31.42,   NaN, 83.761388,   NaN
 544,  589.227, -33.03,   0.29, -34.80,   0.55, -34.69, -31.49,   NaN, 80.678629,   NaN
 545,  588.472, -33.10,   0.28, -34.89,   0.56, -34.76, -31.56,   NaN, 80.597977,   NaN
 546,  588.078, -33.15,   0.30, -34.95,   0.57, -34.92, -31.71,   NaN, 75.038849,   NaN
 547,  587.652, -33.23,   0.29, -35.03,   0.59, -35.07, -31.85,   NaN, 75.923235,   NaN
 548,  587.093, -33.28,   0.30, -35.11,   0.62, -35.07, -31.85,   NaN, 76.782448,   NaN
 549,  586.404, -33.39,   0.31, -35.19,   0.64, -35.23, -32.00,   NaN, 84.729881,   NaN
 550,  586.043, -33.44,   0.30, -35.27,   0.66, -35.38, -32.13,   NaN, 78.025646,   NaN
 551,  585.321, -33.54,   0.30, -35.34,   0.67, -35.38, -32.14,   NaN, 77.959918,   NaN
 552,  584.599, -33.59,   0.30, -35.39,   0.66, -35.54, -32.29,   NaN, 86.986979,   NaN
 553,  584.270, -33.65,   0.29, -35.45,   0.66, -35.68, -32.42,   NaN, 80.601936,   NaN
 554,  583.877, -33.72,   0.29, -35.53,   0.64, -35.69, -32.43,   NaN, 74.215683,   NaN
 555,  583.220, -33.79,   0.30, -35.60,   0.62, -35.77, -32.50,   NaN, 80.221912,   NaN
 556,  582.859, -33.84,   0.31, -35.63,   0.60, -35.85, -32.57,   NaN, 72.805418,   NaN
 557,  582.202, -33.91,   0.29, -35.69,   0.58, -36.00, -32.72,   NaN, 78.051224,   NaN
 558,  581.710, -33.98,   0.30, -35.75,   0.55, -36.16, -32.86,   NaN, 81.135402,   NaN
 559,  581.382, -34.04,   0.31, -35.82,   0.53, -36.30, -33.00,   NaN, 84.233517,   NaN
 560,  580.791, -34.04,   0.31, -35.82,   0.53, -36.31, -33.01,   NaN, 79.664327,   NaN
 561,  580.167, -34.09,   0.30, -35.89,   0.53, -36.45, -33.14,   NaN, 83.526919,   NaN
 562,  579.872, -34.17,   0.30, -35.95,   0.53, -36.46, -33.15,   NaN, 82.853013,   NaN
 563,  579.215, -34.22,   0.30, -36.03,   0.53, -36.62, -33.29,   NaN, 85.794020,   NaN
 564,  578.428, -34.28,   0.29, -36.10,   0.53, -36.76, -33.43,   NaN, 88.714082,   NaN
 565,  577.771, -34.36,   0.29, -36.18,   0.54, -36.77, -33.44,   NaN, 71.408303,   NaN
 566,  577.541, -34.43,   0.30, -36.26,   0.56, -36.85, -33.51,   NaN, 84.925851,   NaN
 567,  576.754, -34.52,   0.30, -36.33,   0.57, -36.93, -33.59,   NaN, 79.273508,   NaN
 568,  575.966, -34.56,   0.31, -36.38,   0.60, -37.09, -33.73,   NaN, 76.404104,   NaN
 569,  575.637, -34.65,   0.31, -36.49,   0.63, -37.09, -33.74,   NaN, 73.612697,   NaN
 570,  575.211, -34.72,   0.32, -36.56,   0.64, -37.26, -33.89,   NaN, 78.172270,   NaN
 571,  574.390, -34.77,   0.31, -36.64,   0.66, -37.26, -33.90,   NaN, 77.215077,   NaN
 572,  573.799, -34.84,   0.31, -36.68,   0.66, -37.43, -34.06,   NaN, 78.700650,   NaN
 573,  573.635, -34.91,   0.31, -36.74,   0.65, -37.44, -34.06,   NaN, 80.244909,   NaN
 574,  572.552, -35.00,   0.32, -36.82,   0.64, -37.60, -34.22,   NaN, 81.859519,   NaN
 575,  572.092, -35.08,   0.33, -36.88,   0.62, -37.61, -34.22,   NaN, 76.030786,   NaN
 576,  571.469, -35.17,   0.32, -36.95,   0.60, -37.69, -34.30,   NaN, 78.301029,   NaN
 577,  571.140, -35.23,   0.32, -36.99,   0.58, -37.78, -34.38,   NaN, 80.598691,   NaN
 578,  570.517, -35.23,   0.32, -36.99,   0.58, -37.92, -34.52,   NaN, 80.337235,   NaN
 579,  569.926, -35.30,   0.32, -37.04,   0.56, -37.93, -34.52,   NaN, 77.206528,   NaN
 580,  569.335, -35.40,   0.33, -37.12,   0.54, -37.94, -34.53,   NaN, 81.156260,   NaN
 581,  568.514, -35.45,   0.33, -37.19,   0.53, -38.09, -34.67,   NaN, 76.740371,   NaN
 582,  568.055, -35.53,   0.33, -37.25,   0.53, -38.10, -34.68,   NaN, 72.386062,   NaN
 583,  567.595, -35.60,   0.33, -37.34,   0.53, -38.24, -34.81,   NaN, 88.090673,   NaN
 584,  567.037, -35.68,   0.32, -37.41,   0.53, -38.25, -34.82,   NaN, 76.571300,   NaN
 585,  566.479, -35.74,   0.34, -37.49,   0.54, -38.40, -34.96,   NaN, 91.367261,   NaN
 586,  566.118, -35.81,   0.34, -37.54,   0.55, -38.41, -34.97,   NaN, 87.063642,   NaN
 587,  565.396, -35.90,   0.33, -37.63,   0.58, -38.48, -35.03,   NaN, 82.716910,   NaN
 588,  564.608, -35.97,   0.33, -37.71,   0.60, -38.55, -35.10,   NaN, 92.633542,   NaN
 589,  564.247, -36.04,   0.33, -37.79,   0.62, -38.56, -35.12,   NaN, 87.993732,   NaN
 590,  563.558, -36.09,   0.33, -37.85,   0.64, -38.71, -35.26,   NaN, 84.131238,   NaN
 591,  563.033, -36.17,   0.33, -37.93,   0.66, -38.72, -35.26,   NaN, 78.580352,   NaN
 592,  562.343, -36.23,   0.33, -37.99,   0.66, -38.86, -35.39,   NaN, 82.261860,   NaN
 593,  562.081, -36.31,   0.33, -38.05,   0.66, -38.86, -35.40,   NaN, 86.928003,   NaN
 594,  561.391, -36.39,   0.33, -38.11,   0.65, -39.02, -35.54,   NaN, 90.161460,   NaN
 595,  560.997, -36.45,   0.32, -38.17,   0.63, -39.02, -35.55,   NaN, 80.811469,   NaN
 596,  560.374, -36.45,   0.32, -38.17,   0.63, -39.03, -35.55,   NaN, 81.029854,   NaN
 597,  559.750, -36.52,   0.34, -38.23,   0.61, -39.17, -35.69,   NaN, 78.768866,   NaN
 598,  559.290, -36.58,   0.33, -38.27,   0.59, -39.17, -35.69,   NaN, 76.531114,   NaN
 599,  558.765, -36.66,   0.33, -38.35,   0.57, -39.18, -35.70,   NaN, 93.546134,   NaN
 600,  558.207, -36.74,   0.33, -38.40,   0.55, -39.33, -35.84,   NaN, 93.485229,   NaN
 601,  557.551, -36.82,   0.33, -38.47,   0.54, -39.34, -35.85,   NaN, 93.409600,   NaN
 602,  557.025, -36.90,   0.34, -38.54,   0.54, -39.35, -35.86,   NaN, 77.056558,   NaN
 603,  556.336, -36.96,   0.33, -38.61,   0.53, -39.51, -36.00,   NaN, 78.077915,   NaN
 604,  555.877, -37.04,   0.33, -38.69,   0.53, -39.51, -36.01,   NaN, 79.134995,   NaN
 605,  555.089, -37.11,   0.33, -38.76,   0.54, -39.52, -36.02,   NaN, 82.973149,   NaN
 606,  554.695, -37.17,   0.33, -38.84,   0.56, -39.67, -36.16,   NaN, 79.330694,   NaN
 607,  554.465, -37.25,   0.33, -38.92,   0.58, -39.67, -36.16,   NaN, 91.890166,   NaN
 608,  553.907, -37.31,   0.34, -38.98,   0.60, -39.68, -36.17,   NaN, 87.196207,   NaN
 609,  553.218, -37.39,   0.34, -39.07,   0.62, -39.75, -36.24,   NaN, 82.499238,   NaN
 610,  552.660, -37.46,   0.34, -39.13,   0.63, -39.83, -36.31,   NaN, 79.692094,   NaN
 611,  552.102, -37.53,   0.34, -39.21,   0.65, -39.84, -36.32,   NaN, 77.175205,   NaN
 612,  551.380, -37.60,   0.33, -39.28,   0.65, -39.98, -36.45,   NaN, 81.112611,   NaN
 613,  551.150, -37.60,   0.33, -39.28,   0.65, -39.99, -36.45,   NaN, 82.832117,   NaN
 614,  550.460, -37.67,   0.34, -39.34,   0.65, -40.14, -36.60,   NaN, 84.503462,   NaN
 615,  549.804, -37.75,   0.33, -39.40,   0.63, -40.14, -36.60,   NaN, 76.407888,   NaN
 616,  549.508, -37.80,   0.33, -39.45,   0.62, -40.15, -36.61,   NaN, 68.361114,   NaN
 617,  549.049, -37.86,   0.34, -39.51,   0.60, -40.16, -36.62,   NaN, 87.124876,   NaN
 618,  548.327, -37.93,   0.34, -39.56,   0.59, -40.30, -36.75,   NaN, 76.326246,   NaN
 619,  547.802, -37.99,   0.33, -39.62,   0.57, -40.30, -36.75,   NaN, 78.368509,   NaN
 620,  547.145, -38.06,   0.32, -39.68,   0.55, -40.30, -36.75,   NaN, 84.170139,   NaN
 621,  546.620, -38.13,   0.34, -39.75,   0.54, -40.31, -36.76,   NaN, 75.532505,   NaN
 622,  546.160, -38.19,   0.32, -39.81,   0.53, -40.46, -36.90,   NaN, 77.071567,   NaN
 623,  545.635, -38.26,   0.32, -39.88,   0.54, -40.47, -36.91,   NaN, 78.605388,   NaN
 624,  544.979, -38.34,   0.33, -39.96,   0.54, -40.63, -37.06,   NaN, 79.837591,   NaN
 625,  544.585, -38.41,   0.32, -40.04,   0.55, -40.63, -37.06,   NaN, 81.101141,   NaN
 626,  543.994, -38.48,   0.32, -40.11,   0.56, -40.64, -37.07,   NaN, 81.626575,   NaN
 627,  543.468, -38.54,   0.31, -40.19,   0.58, -40.65, -37.08,   NaN, 83.083394,   NaN
 628,  542.976, -38.61,   0.32, -40.26,   0.59, -40.80, -37.22,   NaN, 80.255466,   NaN
 629,  542.418, -38.67,   0.32, -40.32,   0.61, -40.81, -37.23,   NaN, 76.870831,   NaN
 630,  541.827, -38.72,   0.32, -40.39,   0.62, -40.82, -37.24,   NaN, 80.950860,   NaN
 631,  541.499, -38.72,   0.32, -40.39,   0.62, -40.89, -37.31,   NaN, 80.901811,   NaN
 632,  540.711, -38.80,   0.32, -40.47,   0.63, -40.97, -37.39,   NaN, 75.386895,   NaN
 633,  540.416, -38.87,   0.32, -40.53,   0.63, -40.99, -37.40,   NaN, 69.946361,   NaN
 634,  539.792, -38.92,   0.32, -40.58,   0.62, -41.15, -37.55,   NaN, 70.208343,   NaN
 635,  539.332, -39.00,   0.33, -40.65,   0.62, -41.15, -37.55,   NaN, 83.706322,   NaN
 636,  538.807, -39.04,   0.32, -40.70,   0.60, -41.16, -37.56,   NaN, 97.828144,   NaN
 637,  538.381, -39.11,   0.32, -40.75,   0.58, -41.17, -37.57,   NaN, 78.093165,   NaN
 638,  537.527, -39.18,   0.32, -40.81,   0.57, -41.32, -37.71,   NaN, 82.424970,   NaN
 639,  537.166, -39.22,   0.32, -40.85,   0.55, -41.33, -37.72,   NaN, 86.811699,   NaN
 640,  536.707, -39.33,   0.33, -40.92,   0.54, -41.34, -37.73,   NaN, 81.237203,   NaN
 641,  536.247, -39.37,   0.33, -40.98,   0.54, -41.42, -37.81,   NaN, 78.407375,   NaN
 642,  535.755, -39.44,   0.33, -41.05,   0.54, -41.51, -37.89,   NaN, 75.588431,   NaN
 643,  535.032, -39.52,   0.33, -41.12,   0.54, -41.67, -38.04,   NaN, 84.681470,   NaN
 644,  534.737, -39.58,   0.34, -41.20,   0.54, -41.67, -38.04,   NaN, 81.927018,   NaN
 645,  534.212, -39.65,   0.33, -41.29,   0.55, -41.68, -38.05,   NaN, 87.446729,   NaN
 646,  533.391, -39.72,   0.32, -41.35,   0.56, -41.69, -38.06,   NaN, 80.568717,   NaN
 647,  532.932, -39.77,   0.32, -41.42,   0.56, -41.83, -38.19,   NaN, 84.036950,   NaN
 648,  532.603, -39.84,   0.33, -41.51,   0.57, -41.84, -38.20,   NaN, 77.805667,   NaN
 649,  532.013, -39.84,   0.33, -41.51,   0.57, -41.98, -38.34,   NaN, 71.521207,   NaN
 650,  531.487, -39.91,   0.33, -41.56,   0.58, -41.99, -38.34,   NaN, 72.221700,   NaN
 651,  531.028, -39.96,   0.34, -41.63,   0.60, -42.00, -38.35,   NaN, 75.866992,   NaN
 652,  530.535, -40.06,   0.34, -41.70,   0.60, -42.08, -38.42,   NaN, 79.514514,   NaN
 653,  530.010, -40.13,   0.34, -41.77,   0.60, -42.16, -38.50,   NaN, 79.217577,   NaN
 654,  529.419, -40.18,   0.34, -41.82,   0.59, -42.17, -38.51,   NaN, 82.873098,   NaN
 655,  528.894, -40.25,   0.34, -41.88,   0.59, -42.33, -38.66,   NaN, 70.057229,   NaN
 656,  528.664, -40.31,   0.34, -41.93,   0.58, -42.34, -38.67,   NaN, 74.151662,   NaN
 657,  527.942, -40.38,   0.34, -41.98,   0.57, -42.35, -38.68,   NaN, 78.171945,   NaN
 658,  527.548, -40.44,   0.34, -42.03,   0.57, -42.50, -38.83,   NaN, 73.319047,   NaN
 659,  526.924, -40.49,   0.33, -42.08,   0.56, -42.51, -38.83,   NaN, 72.489609,   NaN
 660,  526.498, -40.56,   0.34, -42.15,   0.55, -42.52, -38.84,   NaN, 81.986629,   NaN
 661,  525.808, -40.63,   0.33, -42.21,   0.55, -42.68, -38.99,   NaN, 78.253786,   NaN
 662,  525.250, -40.69,   0.34, -42.27,   0.54, -42.68, -39.00,   NaN, 78.190482,   NaN
 663,  524.692, -40.74,   0.35, -42.34,   0.55, -42.75, -39.07,   NaN, 80.349122,   NaN
 664,  524.266, -40.81,   0.34, -42.42,   0.55, -42.83, -39.14,   NaN, 82.529257,   NaN
 665,  523.773, -40.86,   0.35, -42.49,   0.56, -42.85, -39.15,   NaN, 75.231179,   NaN
 666,  523.314, -40.86,   0.35, -42.49,   0.56, -42.99, -39.29,   NaN, 79.584345,   NaN
 667,  522.920, -40.93,   0.34, -42.55,   0.55, -43.00, -39.29,   NaN, 75.226751,   NaN
 668,  522.395, -41.02,   0.35, -42.64,   0.56, -43.01, -39.30,   NaN, 78.571975,   NaN
 669,  521.738, -41.07,   0.35, -42.69,   0.56, -43.16, -39.45,   NaN, 80.533675,   NaN
 670,  521.049, -41.15,   0.35, -42.77,   0.57, -43.17, -39.46,   NaN, 82.494216,   NaN
 671,  520.852, -41.21,   0.35, -42.82,   0.57, -43.32, -39.60,   NaN, 84.701711,   NaN
 672,  520.360, -41.27,   0.36, -42.88,   0.57, -43.33, -39.60,   NaN, 80.703015,   NaN
 673,  519.769, -41.33,   0.35, -42.94,   0.56, -43.34, -39.61,   NaN, 69.104349,   NaN
 674,  519.211, -41.40,   0.35, -42.99,   0.57, -43.41, -39.68,   NaN, 77.879056,   NaN
 675,  518.718, -41.45,   0.35, -43.03,   0.57, -43.48, -39.75,   NaN, 76.920597,   NaN
 676,  518.390, -41.51,   0.34, -43.08,   0.56, -43.62, -39.88,   NaN, 75.993797,   NaN
 677,  517.701, -41.58,   0.35, -43.15,   0.56, -43.63, -39.89,   NaN, 69.788639,   NaN
 678,  517.143, -41.65,   0.34, -43.21,   0.55, -43.64, -39.90,   NaN, 72.942371,   NaN
 679,  516.749, -41.71,   0.33, -43.27,   0.55, -43.80, -40.05,   NaN, 73.605025,   NaN
 680,  516.552, -41.76,   0.34, -43.32,   0.55, -43.80, -40.06,   NaN, 74.294107,   NaN
 681,  515.698, -41.83,   0.35, -43.38,   0.54, -43.97, -40.21,   NaN, 80.676710,   NaN
 682,  515.173, -41.87,   0.33, -43.44,   0.55, -43.97, -40.21,   NaN, 75.278809,   NaN
 683,  514.681, -41.94,   0.34, -43.50,   0.54, -43.98, -40.22,   NaN, 73.050610,   NaN
 684,  514.287, -41.94,   0.34, -43.50,   0.54, -44.14, -40.37,   NaN, 70.819598,   NaN
 685,  513.860, -42.01,   0.35, -43.58,   0.53, -44.15, -40.38,   NaN, 68.274684,   NaN
 686,  513.433, -42.07,   0.34, -43.63,   0.54, -44.16, -40.39,   NaN, 65.730228,   NaN
 687,  513.007, -42.13,   0.34, -43.70,   0.53, -44.31, -40.54,   NaN, 72.739967,   NaN
 688,  512.120, -42.18,   0.34, -43.76,   0.53, -44.32, -40.54,   NaN, 74.821207,   NaN
 689,  511.595, -42.26,   0.34, -43.83,   0.53, -44.33, -40.56,   NaN, 76.958786,   NaN
 690,  510.971, -42.34,   0.34, -43.88,   0.53, -44.48, -40.70,   NaN, 78.299324,   NaN
 691,  510.446, -42.41,   0.35, -43.94,   0.53, -44.49, -40.71,   NaN, 78.242081,   NaN
 692,  510.085, -42.45,   0.36, -43.98,   0.53, -44.65, -40.86,   NaN, 73.052312,   NaN
 693,  509.363, -42.52,   0.35, -44.04,   0.53, -44.66, -40.86,   NaN, 76.921226,   NaN
 694,  508.903, -42.60,   0.36, -44.09,   0.53, -44.67, -40.87,   NaN, 78.444200,   NaN
 695,  508.280, -42.65,   0.36, -44.13,   0.52, -44.82, -41.02,   NaN, 79.932607,   NaN
 696,  507.886, -42.73,   0.36, -44.19,   0.52, -44.83, -41.03,   NaN, 79.898826,   NaN
 697,  507.164, -42.79,   0.37, -44.24,   0.51, -44.84, -41.04,   NaN, 81.497079,   NaN
 698,  506.803, -42.85,   0.36, -44.29,   0.51, -44.98, -41.17,   NaN, 83.150082,   NaN
 699,  506.080, -42.93,   0.37, -44.36,   0.51, -44.99, -41.18,   NaN, 83.061924,   NaN
 700,  505.687, -43.01,   0.36, -44.42,   0.50, -45.14, -41.32,   NaN, 69.160589,   NaN
 701,  504.899, -43.08,   0.36, -44.46,   0.50, -45.15, -41.33,   NaN, 70.806794,   NaN
 702,  504.570, -43.08,   0.36, -44.46,   0.50, -45.16, -41.34,   NaN, 72.492971,   NaN
 703,  503.914, -43.15,   0.37, -44.52,   0.50, -45.31, -41.49,   NaN, 60.973106,   NaN
 704,  503.454, -43.23,   0.36, -44.58,   0.49, -45.32, -41.49,   NaN, 66.254045,   NaN
 705,  502.995, -43.30,   0.37, -44.64,   0.49, -45.47, -41.64,   NaN, 67.037489,   NaN
 706,  502.141, -43.35,   0.36, -44.69,   0.49, -45.48, -41.64,   NaN, 67.763792,   NaN
 707,  501.748, -43.43,   0.37, -44.73,   0.49, -45.55, -41.71,   NaN, 73.844846,   NaN
 708,  501.321, -43.50,   0.36, -44.79,   0.49, -45.63, -41.79,   NaN, 70.046535,   NaN
 709,  500.927, -43.56,   0.36, -44.85,   0.48, -45.64, -41.79,   NaN, 68.364495,   NaN
 710,  500.303, -43.62,   0.36, -44.90,   0.48, -45.78, -41.92,   NaN, 68.294724,   NaN
 711,  499.909, -43.68,   0.36, -44.95,   0.48, -45.78, -41.93,   NaN, 76.321213,   NaN
 712,  498.957, -43.73,   0.36, -44.99,   0.48, -45.79, -41.94,   NaN, 84.241118,   NaN
 713,  498.760, -43.79,   0.36, -45.03,   0.48, -45.93, -42.07,   NaN, 68.839328,   NaN
 714,  498.104, -43.85,   0.36, -45.07,   0.47, -45.94, -42.08,   NaN, 65.970091,   NaN
 715,  497.611, -43.92,   0.35, -45.13,   0.47, -46.09, -42.22,   NaN, 64.757093,   NaN
 716,  497.021, -43.98,   0.37, -45.17,   0.46, -46.09, -42.22,   NaN, 63.532152,   NaN
 717,  496.561, -44.04,   0.36, -45.23,   0.46, -46.10, -42.23,   NaN, 58.378745,   NaN
 718,  495.740, -44.12,   0.36, -45.28,   0.46, -46.17, -42.30,   NaN, 68.915398,   NaN
 719,  495.576, -44.12,   0.36, -45.28,   0.46, -46.25, -42.37,   NaN, 69.512337,   NaN
 720,  494.821, -44.16,   0.37, -45.31,   0.46, -46.26, -42.38,   NaN, 70.040396,   NaN
 721,  494.624, -44.22,   0.37, -45.36,   0.45, -46.42, -42.53,   NaN, 67.639631,   NaN
 722,  493.968, -44.29,   0.36, -45.42,   0.45, -46.42, -42.54,   NaN, 65.180618,   NaN
 723,  493.246, -44.36,   0.36, -45.47,   0.45, -46.56, -42.67,   NaN, 69.701581,   NaN
 724,  493.016, -44.41,   0.36, -45.52,   0.45, -46.57, -42.67,   NaN, 72.715888,   NaN
 725,  492.327, -44.46,   0.37, -45.55,   0.44, -46.57, -42.68,   NaN, 75.658438,   NaN
 726,  491.834, -44.54,   0.37, -45.60,   0.44, -46.72, -42.82,   NaN, 67.676947,   NaN
 727,  491.637, -44.58,   0.36, -45.64,   0.43, -46.73, -42.83,   NaN, 69.811724,   NaN
 728,  490.620, -44.65,   0.35, -45.68,   0.43, -46.74, -42.84,   NaN, 71.835404,   NaN
 729,  490.423, -44.70,   0.36, -45.72,   0.42, -46.81, -42.90,   NaN, 72.612912,   NaN
 730,  489.963, -44.79,   0.36, -45.78,   0.42, -46.88, -42.97,   NaN, 65.426590,   NaN
 731,  489.307, -44.84,   0.36, -45.81,   0.43, -47.03, -43.11,   NaN, 78.902996,   NaN
 732,  488.749, -44.90,   0.36, -45.85,   0.42, -47.03, -43.12,   NaN, 70.470419,   NaN
 733,  488.387, -44.98,   0.36, -45.90,   0.41, -47.04, -43.12,   NaN, 71.110744,   NaN
 734,  487.961, -45.03,   0.35, -45.92,   0.41, -47.20, -43.27,   NaN, 66.054901,   NaN
 735,  487.436, -45.07,   0.35, -45.96,   0.40, -47.20, -43.28,   NaN, 60.990808,   NaN
 736,  486.746, -45.15,   0.35, -46.01,   0.40, -47.21, -43.28,   NaN, 70.658198,   NaN
 737,  486.287, -45.15,   0.35, -46.01,   0.40, -47.37, -43.44,   NaN, 74.799834,   NaN
 738,  485.663, -45.18,   0.35, -46.03,   0.40, -47.37, -43.44,   NaN, 78.919577,   NaN
 739,  485.335, -45.25,   0.34, -46.07,   0.40, -47.38, -43.45,   NaN, 73.915679,   NaN
 740,  484.744, -45.32,   0.35, -46.13,   0.39, -47.45, -43.52,   NaN, 56.545795,   NaN
 741,  484.219, -45.37,   0.35, -46.15,   0.39, -47.53, -43.59,   NaN, 60.832537,   NaN
 742,  483.792, -45.42,   0.34, -46.19,   0.39, -47.54, -43.60,   NaN, 62.303466,   NaN
 743,  483.332, -45.47,   0.35, -46.22,   0.39, -47.68, -43.73,   NaN, 63.768710,   NaN
 744,  482.873, -45.52,   0.34, -46.26,   0.38, -47.68, -43.74,   NaN, 76.194703,   NaN
 745,  482.315, -45.59,   0.35, -46.30,   0.38, -47.69, -43.74,   NaN, 75.585497,   NaN
 746,  481.757, -45.65,   0.35, -46.34,   0.38, -47.70, -43.75,   NaN, 74.976511,   NaN
 747,  481.232, -45.71,   0.34, -46.37,   0.38, -47.85, -43.90,   NaN, 67.335827,   NaN
 748,  480.903, -45.75,   0.35, -46.40,   0.38, -47.86, -43.90,   NaN, 62.937634,   NaN
 749,  480.509, -45.80,   0.34, -46.43,   0.38, -47.87, -43.92,   NaN, 58.536216,   NaN
 750,  479.886, -45.85,   0.34, -46.47,   0.37, -48.01, -44.05,   NaN, 64.240849,   NaN
 751,  479.492, -45.90,   0.34, -46.49,   0.37, -48.02, -44.05,   NaN, 68.773797,   NaN
 752,  478.737, -45.95,   0.33, -46.53,   0.37, -48.03, -44.06,   NaN, 68.727096,   NaN
 753,  478.671, -46.00,   0.34, -46.57,   0.37, -48.17, -44.20,   NaN, 68.778123,   NaN
 754,  477.949, -46.05,   0.34, -46.59,   0.37, -48.18, -44.21,   NaN, 76.361839,   NaN
 755,  477.457, -46.05,   0.34, -46.59,   0.37, -48.19, -44.21,   NaN, 76.797173,   NaN
 756,  477.227, -46.10,   0.34, -46.61,   0.37, -48.36, -44.38,   NaN, 77.289692,   NaN
 757,  476.242, -46.15,   0.33, -46.64,   0.37, -48.36, -44.38,   NaN, 73.676980,   NaN
 758,  476.078, -46.22,   0.33, -46.69,   0.37, -48.36, -44.38,   NaN, 65.920413,   NaN
 759,  475.783, -46.26,   0.33, -46.71,   0.37, -48.37, -44.39,   NaN, 73.717299,   NaN
 760,  474.962, -46.29,   0.34, -46.74,   0.37, -48.52, -44.53,   NaN, 75.962578,   NaN
 761,  474.634, -46.35,   0.32, -46.76,   0.37, -48.52, -44.53,   NaN, 70.949523,   NaN
 762,  474.076, -46.40,   0.33, -46.79,   0.37, -48.53, -44.54,   NaN, 70.880333,   NaN
 763,  473.813, -46.44,   0.33, -46.82,   0.37, -48.54, -44.55,   NaN, 71.060908,   NaN
 764,  473.058, -46.49,   0.33, -46.84,   0.38, -48.69, -44.69,   NaN, 64.254546,   NaN
 765,  472.500, -46.53,   0.33, -46.87,   0.37, -48.69, -44.70,   NaN, 68.384485,   NaN
 766,  472.205, -46.58,   0.33, -46.90,   0.38, -48.70, -44.71,   NaN, 72.549402,   NaN
 767,  471.712, -46.62,   0.32, -46.91,   0.38, -48.71, -44.72,   NaN, 62.005867,   NaN
 768,  471.286, -46.67,   0.32, -46.94,   0.38, -48.86, -44.85,   NaN, 67.849527,   NaN
 769,  470.695, -46.70,   0.31, -46.96,   0.39, -48.86, -44.86,   NaN, 71.112968,   NaN
 770,  470.235, -46.76,   0.32, -47.00,   0.39, -48.87, -44.87,   NaN, 64.228237,   NaN
 771,  469.808, -46.79,   0.30, -47.01,   0.39, -48.88, -44.88,   NaN, 71.115013,   NaN
 772,  469.349, -46.79,   0.30, -47.01,   0.39, -48.95, -44.95,   NaN, 69.563720,   NaN
 773,  468.758, -46.86,   0.32, -47.05,   0.39, -49.03, -45.02,   NaN, 68.015889,   NaN
 774,  468.462, -46.90,   0.31, -47.07,   0.39, -49.04, -45.03,   NaN, 68.592539,   NaN
 775,  467.937, -46.93,   0.31, -47.09,   0.39, -49.06, -45.04,   NaN, 69.131854,   NaN
 776,  467.412, -46.96,   0.32, -47.11,   0.40, -49.21, -45.18,   NaN, 62.387581,   NaN
 777,  467.084, -47.00,   0.31, -47.12,   0.40, -49.21, -45.19,   NaN, 62.485311,   NaN
 778,  466.591, -47.04,   0.31, -47.15,   0.40, -49.22, -45.19,   NaN, 62.561037,   NaN
 779,  465.968, -47.09,   0.31, -47.18,   0.41, -49.23, -45.20,   NaN, 66.767733,   NaN
 780,  465.738, -47.11,   0.32, -47.20,   0.41, -49.24, -45.22,   NaN, 71.014975,   NaN
 781,  465.410, -47.15,   0.32, -47.21,   0.41, -49.39, -45.36,   NaN, 65.036876,   NaN
 782,  464.852, -47.18,   0.29, -47.23,   0.41, -49.39, -45.37,   NaN, 68.568675,   NaN
 783,  464.195, -47.23,   0.30, -47.25,   0.41, -49.39, -45.37,   NaN, 63.042508,   NaN
 784,  463.736, -47.28,   0.31, -47.27,   0.41, -49.40, -45.37,   NaN, 65.121702,   NaN
 785,  463.342, -47.32,   0.31, -47.29,   0.42, -49.56, -45.52,   NaN, 67.206114,   NaN
 786,  462.817, -47.34,   0.30, -47.31,   0.42, -49.56, -45.53,   NaN, 61.670666,   NaN
 787,  462.259, -47.40,   0.31, -47.34,   0.43, -49.57, -45.53,   NaN, 62.048992,   NaN
 788,  462.127, -47.44,   0.30, -47.35,   0.43, -49.58, -45.54,   NaN, 62.238951,   NaN
 789,  461.668, -47.46,   0.30, -47.37,   0.43, -49.59, -45.55,   NaN, 66.385664,   NaN
 790,  461.142, -47.46,   0.30, -47.37,   0.43, -49.73, -45.68,   NaN, 65.045065,   NaN
 791,  460.617, -47.50,   0.30, -47.39,   0.43, -49.73, -45.69,   NaN, 61.254569,   NaN
 792,  460.190, -47.55,   0.30, -47.43,   0.44, -49.74, -45.69,   NaN, 60.580602,   NaN
 793,  459.764, -47.56,   0.29, -47.41,   0.44, -49.75, -45.70,   NaN, 59.895091,   NaN
 794,  459.107, -47.61,   0.30, -47.44,   0.45, -49.75, -45.70,   NaN, 63.499072,   NaN
 795,  458.943, -47.65,   0.29, -47.46,   0.45, -49.76, -45.71,   NaN, 61.623415,   NaN
 796,  458.385, -47.68,   0.29, -47.48,   0.45, -49.90, -45.85,   NaN, 59.694036,   NaN
 797,  457.794, -47.72,   0.29, -47.50,   0.45, -49.91, -45.85,   NaN, 62.653335,   NaN
 798,  457.532, -47.75,   0.30, -47.51,   0.45, -49.92, -45.86,   NaN, 65.177040,   NaN
 799,  457.039, -47.80,   0.30, -47.53,   0.46, -49.93, -45.87,   NaN, 67.665809,   NaN
 800,  456.416, -47.83,   0.30, -47.55,   0.46, -49.94, -45.88,   NaN, 59.746860,   NaN
 801,  456.087, -47.85,   0.29, -47.56,   0.46, -50.09, -46.03,   NaN, 61.473050,   NaN
 802,  455.792, -47.87,   0.28, -47.58,   0.47, -50.09, -46.03,   NaN, 74.116604,   NaN
 803,  455.135, -47.89,   0.28, -47.59,   0.48, -50.09, -46.03,   NaN, 71.286816,   NaN
 804,  454.610, -47.92,   0.29, -47.60,   0.47, -50.10, -46.04,   NaN, 68.488644,   NaN
 805,  454.446, -47.94,   0.28, -47.60,   0.47, -50.10, -46.04,   NaN, 66.729192,   NaN
 806,  453.855, -47.99,   0.29, -47.63,   0.48, -50.11, -46.05,   NaN, 61.345429,   NaN
 807,  453.363, -48.03,   0.29, -47.64,   0.48, -50.26, -46.19,   NaN, 65.931801,   NaN
 808,  453.133, -48.03,   0.29, -47.64,   0.48, -50.26, -46.19,   NaN, 63.225409,   NaN
 809,  452.575, -48.05,   0.27, -47.65,   0.49, -50.26, -46.20,   NaN, 60.483392,   NaN
 810,  452.083, -48.08,   0.28, -47.66,   0.49, -50.27, -46.20,   NaN, 63.704104,   NaN
 811,  451.557, -48.10,   0.28, -47.67,   0.48, -50.28, -46.21,   NaN, 66.131910,   NaN
 812,  451.229, -48.14,   0.27, -47.68,   0.49, -50.29, -46.22,   NaN, 61.796595,   NaN
 813,  450.934, -48.16,   0.28, -47.70,   0.50, -50.43, -46.36,   NaN, 63.852376,   NaN
 814,  450.638, -48.18,   0.28, -47.71,   0.50, -50.43, -46.36,   NaN, 65.905014,   NaN
 815,  450.080, -48.21,   0.28, -47.72,   0.50, -50.44, -46.36,   NaN, 54.798260,   NaN
 816,  449.686, -48.25,   0.27, -47.74,   0.51, -50.44, -46.36,   NaN, 57.877583,   NaN
 817,  448.964, -48.25,   0.27, -47.74,   0.51, -50.44, -46.37,   NaN, 58.749792,   NaN
 818,  448.538, -48.28,   0.27, -47.75,   0.51, -50.46, -46.38,   NaN, 59.665503,   NaN
 819,  448.373, -48.34,   0.27, -47.78,   0.52, -50.47, -46.39,   NaN, 60.657363,   NaN
 820,  447.947, -48.35,   0.28, -47.78,   0.52, -50.61, -46.52,   NaN, 61.090324,   NaN
 821,  447.389, -48.37,   0.26, -47.78,   0.52, -50.61, -46.52,   NaN, 61.505752,   NaN
 822,  446.896, -48.40,   0.27, -47.81,   0.53, -50.61, -46.52,   NaN, 55.118031,   NaN
 823,  446.699, -48.40,   0.26, -47.80,   0.53, -50.61, -46.53,   NaN, 56.357825,   NaN
 824,  445.977, -48.45,   0.26, -47.82,   0.53, -50.62, -46.54,   NaN, 57.543497,   NaN
 825,  445.419, -48.45,   0.26, -47.82,   0.53, -50.63, -46.54,   NaN, 61.141967,   NaN
 826,  445.386, -48.47,   0.26, -47.83,   0.53, -50.64, -46.55,   NaN, 58.411772,   NaN
 827,  445.091, -48.48,   0.26, -47.84,   0.53, -50.64, -46.56,   NaN, 59.214955,   NaN
 828,  444.697, -48.50,   0.26, -47.84,   0.54, -50.65, -46.57,   NaN, 60.007107,   NaN
 829,  444.172, -48.53,   0.26, -47.86,   0.54, -50.79, -46.70,   NaN, 69.493440,   NaN
 830,  443.647, -48.54,   0.26, -47.86,   0.54, -50.80, -46.70,   NaN, 66.489795,   NaN
 831,  443.318, -48.57,   0.25, -47.87,   0.54, -50.80, -46.71,   NaN, 63.311752,   NaN
 832,  442.727, -48.59,   0.26, -47.88,   0.54, -50.80, -46.71,   NaN, 62.592564,   NaN
 833,  442.202, -48.62,   0.26, -47.90,   0.55, -50.81, -46.72,   NaN, 61.886801,   NaN
 834,  441.710, -48.64,   0.26, -47.89,   0.55, -50.82, -46.73,   NaN, 55.185964,   NaN
 835,  441.513, -48.65,   0.25, -47.90,   0.55, -50.83, -46.74,   NaN, 60.381334,   NaN
 836,  440.889, -48.68,   0.25, -47.92,   0.56, -50.84, -46.75,   NaN, 65.515069,   NaN
 837,  440.692, -48.71,   0.25, -47.92,   0.56, -50.85, -46.76,   NaN, 68.180195,   NaN
 838,  440.003, -48.70,   0.24, -47.92,   0.56, -50.85, -46.83,   NaN, 66.225727,   NaN
 839,  439.576, -48.72,   0.25, -47.93,   0.56, -50.86, -46.90,   NaN, 64.323543,   NaN
 840,  439.281, -48.74,   0.24, -47.93,   0.56, -51.00, -46.90,   NaN, 63.113609,   NaN
 841,  438.690, -48.77,   0.25, -47.94,   0.57, -51.00, -46.90,   NaN, 54.562751,   NaN
 842,  438.526, -48.79,   0.25, -47.94,   0.57, -51.00, -46.90,   NaN, 56.028975,   NaN
 843,  437.935, -48.79,   0.25, -47.94,   0.57, -51.01, -46.90,   NaN, 57.433084,   NaN
 844,  437.869, -48.80,   0.25, -47.96,   0.57, -51.01, -46.91,   NaN, 62.610413,   NaN
 845,  437.377, -48.83,   0.23, -47.96,   0.57, -51.02, -46.92,   NaN, 51.615552,   NaN
 846,  436.786, -48.85,   0.24, -47.97,   0.58, -51.03, -46.92,   NaN, 60.829477,   NaN
 847,  437.049, -48.87,   0.25, -47.97,   0.58, -51.03, -46.93,   NaN, 56.722626,   NaN
 848,  437.311, -48.88,   0.23, -47.98,   0.58, -51.03, -46.94,   NaN, 66.934778,   NaN
 849,  437.443, -48.87,   0.24, -47.98,   0.58, -51.05, -46.95,   NaN, 67.563677,   NaN
 850,  437.574, -48.87,   0.22, -47.99,   0.58, -51.06, -46.96,   NaN, 68.193599,   NaN
 851,  437.639, -48.83,   0.21, -47.98,   0.58, -51.07, -46.97,   NaN, 72.998952,   NaN
 852,  437.705, -48.81,   0.19, -47.99,   0.58, -51.08, -46.98,   NaN, 69.903817,   NaN
 853,  437.738, -48.77,   0.17, -47.98,   0.57, -51.22, -47.11,   NaN, 65.969002,   NaN
 854,  437.804, -48.74,   0.15, -47.99,   0.58, -51.22, -47.11,   NaN, 62.041044,   NaN
 855,  437.804, -48.69,   0.14, -47.98,   0.57, -51.23, -47.11,   NaN, 58.789157,   NaN
 856,  437.968, -48.65,   0.12, -47.97,   0.56, -51.23, -47.12,   NaN, 59.839304,   NaN
 857,  438.099, -48.61,   0.12, -47.97,   0.56, -51.23, -47.12,   NaN, 59.847380,   NaN
 858,  438.066, -48.56,   0.11, -47.96,   0.56, -51.23, -47.12,   NaN, 62.379596,   NaN
 859,  438.066, -48.50,   0.09, -47.96,   0.56, -51.24, -47.12,   NaN, 64.913545,   NaN
 860,  438.000, -48.49,   0.08, -47.97,   0.56, -51.25, -47.14,   NaN, 61.944232,   NaN
 861,  438.099, -48.49,   0.08, -47.97,   0.56, -51.26, -47.14,   NaN, 61.458863,   NaN
 862,  438.099, -48.44,   0.08, -47.96,   0.55, -51.26, -47.15,   NaN, 60.945282,   NaN
 863,  438.132, -48.38,   0.08, -47.94,   0.54, -51.27, -47.15,   NaN, 67.104662,   NaN
 864,  438.263, -48.36,   0.07, -47.95,   0.55, -51.27, -47.16,   NaN, 62.475259,   NaN
 865,  438.296, -48.31,   0.07, -47.94,   0.54, -51.28, -47.17,   NaN, 66.786621,   NaN
 866,  438.230, -48.26,   0.07, -47.94,   0.54, -51.29, -47.17,   NaN, 61.175310,   NaN
 867,  438.329, -48.22,   0.06, -47.94,   0.53, -51.30, -47.18,   NaN, 63.641188,   NaN
 868,  438.460, -48.18,   0.05, -47.93,   0.53, -51.30, -47.19,   NaN, 55.286945,   NaN
 869,  438.526, -48.14,   0.06, -47.93,   0.53, -51.30, -47.19,   NaN, 68.503680,   NaN
 870,  438.493, -48.10,   0.05, -47.92,   0.53, -51.31, -47.20,   NaN, 58.055491,   NaN
 871,  438.362, -48.07,   0.07, -47.92,   0.52, -51.33, -47.21,   NaN, 63.604877,   NaN
 872,  438.460, -48.05,   0.06, -47.92,   0.52, -51.33, -47.22,   NaN, 63.675238,   NaN
 873,  438.427, -48.01,   0.06, -47.91,   0.53, -51.34, -47.23,   NaN, 60.559425,   NaN
 874,  438.591, -47.98,   0.06, -47.91,   0.52, -51.35, -47.23,   NaN, 60.574249,   NaN
 875,  438.526, -47.94,   0.07, -47.91,   0.52, -51.36, -47.24,   NaN, 59.833424,   NaN
 876,  438.493, -47.90,   0.06, -47.90,   0.51, -51.37, -47.25,   NaN, 59.819586,   NaN
 877,  438.591, -47.87,   0.07, -47.89,   0.51, -51.37, -47.25,   NaN, 59.825108,   NaN
 878,  438.821, -47.87,   0.07, -47.89,   0.51, -51.38, -47.26,   NaN, 59.642285,   NaN
 879,  438.657, -47.85,   0.08, -47.90,   0.51, -51.39, -47.27,   NaN, 59.400092,   NaN
 880,  438.329, -47.82,   0.08, -47.89,   0.51, -51.39, -47.27,   NaN, 60.777499,   NaN
 881,  438.624, -47.80,   0.07, -47.88,   0.51, -51.39, -47.28,   NaN, 62.241838,   NaN
 882,  438.591, -47.77,   0.08, -47.87,   0.51, -51.41, -47.29,   NaN, 57.770083,   NaN
 883,  438.526, -47.75,   0.08, -47.87,   0.50, -51.41, -47.29,   NaN, 60.136892,   NaN
 884,  438.591, -47.73,   0.08, -47.86,   0.50, -51.42, -47.30,   NaN, 55.948477,   NaN
 885,  438.854, -47.70,   0.08, -47.86,   0.50, -51.43, -47.30,   NaN, 65.642387,   NaN
 886,  438.526, -47.68,   0.10, -47.85,   0.50, -51.43, -47.31,   NaN, 61.543189,   NaN
 887,  438.394, -47.65,   0.08, -47.86,   0.50, -51.43, -47.31,   NaN, 59.721764,   NaN
 888,  438.657, -47.63,   0.08, -47.86,   0.50, -51.44, -47.32,   NaN, 57.958188,   NaN
 889,  438.526, -47.60,   0.09, -47.85,   0.49, -51.44, -47.32,   NaN, 62.489870,   NaN
 890,  438.460, -47.59,   0.09, -47.85,   0.50, -51.45, -47.32,   NaN, 61.513636,   NaN
 891,  438.624, -47.57,   0.08, -47.84,   0.49, -51.45, -47.32,   NaN, 60.569599,   NaN
 892,  438.723, -47.54,   0.11, -47.83,   0.49, -51.45, -47.33,   NaN, 59.619558,   NaN
 893,  438.657, -47.53,   0.09, -47.84,   0.49, -51.45, -47.33,   NaN, 62.598501,   NaN
 894,  438.558, -47.51,   0.09, -47.84,   0.49, -51.46, -47.33,   NaN, 65.566330,   NaN
 895,  438.493, -47.50,   0.11, -47.83,   0.49, -51.46, -47.34,   NaN, 64.870116,   NaN
 896,  438.558, -47.50,   0.11, -47.83,   0.49, -51.46, -47.34,   NaN, 64.196638,   NaN
 897,  438.624, -47.48,   0.10, -47.84,   0.49, -51.47, -47.34,   NaN, 64.792456,   NaN
 898,  438.558, -47.45,   0.10, -47.81,   0.49, -51.47, -47.35,   NaN, 65.364528,   NaN
 899,  438.493, -47.45,   0.11, -47.82,   0.49, -51.47, -47.35,   NaN, 62.368729,   NaN
 900,  438.493, -47.42,   0.11, -47.82,   0.49, -51.47, -47.35,   NaN, 61.428785,   NaN
 901,  438.558, -47.43,   0.11, -47.82,   0.49, -51.48, -47.35,   NaN, 60.506437,   NaN
 902,  438.591, -47.38,   0.10, -47.80,   0.49, -51.48, -47.35,   NaN, 55.967725,   NaN
 903,  438.493, -47.38,   0.10, -47.80,   0.49, -51.48, -47.36,   NaN, 61.892025,   NaN
 904,  438.657, -47.37,   0.12, -47.79,   0.49, -51.48, -47.36,   NaN, 67.851597,   NaN
 905,  438.723, -47.34,   0.13, -47.79,   0.49, -51.48, -47.36,   NaN, 60.241458,   NaN
